id,ec_number,seq
A0A165KQE5,5.3.1.7,MAIPPYPDFRSAAFLRQHLRATMAFYDPVATDASGGQFHFFLDDGTVYNTHTRHLVSATRFVVTHAMLYRTTGEARYQVGMRHALEFLRTAFLDPATGGYAWLIDWQDGRATVQDTTRHCYGMAFVMLAYARAYEAGVPEARVWLAEAFDTAEQHFWQPAAGLYADEASPDWQLTSYRGQNANMHACEAMISAFRATGERRYIERAEQLAQGICQRQAALSDRTHAPAAEGWVWEHFHADWSVDWDYNRHDRSNIFRPWGYQVGHQTEWAKLLLQLDALLPADWHLPCAQRLFDTAVERGWDAEHGGLYYGMAPDGSICDDGKYHWVQAESMAAAAVLAVRTGDARYWQWYDRIWAYCWAHFVDHEHGAWFRILHRDNRNTTREKSNAGKVDYHNMGACYDVLLWALDAPGFSKESRSAALGRP
A0A165L336,1.1.1.14,MSAARNLQGQVAAITGAASGIGFASAQTMADAGARVVLIDRDEAALAKACATIGPNALPLVLDLLDARQCASLLQRTLALAGQLDIFHANAGLYVGGDLVDADPDAIDRMLNLNVNVVMKNVHNVLPHMIERGTGDIIVTSSLAAHFPTPWEPVYASSKWAVNCFVQTVRRQVFKHGIRVGSISPGPVITSLLADWPAEKLAEAKASGSLIEAAEVAEVVLFMLTRPRGMTIRDVVMMPTNFDL
A0A165IRK1,4.2.1.43,VPTTFHEDGTLDLDSQKRCLDFMIDAGVDGVCILANFSEQFSLSDAEREVLTRTSLEHVAGRVPVIVTTTHYGTRVCAERSRAAQDMGAAMVMVMPPYHGATFRVPEAQIYEFYARVSDAIRIPIMVQDAPASGTVLSAPFLARMAQEIENLAYFKIEVPGAASKLRELIRLGGDAIEGPWDGEEAITLLADLDAGATGAMTGGAFPDGIRPIIEAHRQGDMDQAFALYQRWLPLINHENRQGGILTAKALMKEGGVIACEAGRHPFPAMHPEVRRGLVDIARRLDPLVLRWAR
A0A165IRU8,"1.1.1.46,1.1.1.48",LIDCNIDMTQLFAPSSSSTDATGAPQGLAKFPSLQGRAVFVTGGGSGIGAAIVAAFAEQGARVAFVDVAREASEALAQHIADAGLPRPWWRVCDVRDVQALQACMADAAAELGSDFAVLVNNVASDDRHTLESVTPEYYDERMAINERPAFFAIQAVVPGMRRLGAGSVINLGSTGWQGKGTGYPCYAIAKSSVNGLTRGLAKTLGQDRIRINTVSPGWVMTERQIKLWLDAEGEKELARNQCLPDKLRPHDIARMVLFLASDDAAMCTAQEFKVDAGWV
A0KWY1,4.2.1.25,MCLGRRRCHMNNKKPKTLRSASWFGSDDKNGFMYRSWMKNQGIPEHHFQNKPVIGICNTWSELTPCNGHLRELAQRVKNGIREAGGIPVEFPVFSNGESNLRPSAMLTRNLAAMDTEEAIRGNPIDGVVLLVGCDKTTPALLMGAASCDLPTIVVTGGPMLNGKHKGKDVGSGTLVWELHQEYKAGNISLAAFMNAEADMSRSTGTCNTMGTASTMACMVETLGVSLPHNATIPAVDSRRQVLAHMSGMRIVDMVKEDLTLSKILSRDAFINAIKVNAAIGGSTNAVIHLKAIAGRIGVELSLDDWRHGYTVPTIVNLKPSGQYLMEDFYYAGGLPAVLRQLFEHDLLSKNTLTVNAASLWDNVKEAPCYNQEVIMSLENPLVENGGIRVLRGNLAPRGAVIKPSAASAHLMQHRGKAVVFESFDDYNARIGDPELDIDENSIMVLKNCGPKGYPGMAEVGNMGLPPKLLKKGIKDMVRISDARMSGTAFGTVVLHVAPEAQALGPLAAVQNGDMIALDTYAGTLQLEISDQELQARLAKLATVKSIPVNGGYLSLFKEHVLQADEGCDFDFLVGCRGAEIPAHSH
A0KWY2,1.1.1.46,MKLTNQYPSLQGKTIFISGGATGIGACLVNAFLEQGAKVAFVDILVEESTQLVADLKQTQPEASVTFYHCDLVDIAALKRVIAQVEDDLGPISVLINNAACDQRHSIDEVTPEYWDQCLNTNLRHYFFAVQAVRPQMQRLGGGSVINLGSMSWHNRQAGMAGYTASKAGAMGLTRGLAADLGKDKIRINTLTPGWVMTKRQLTHWVDKDTAKHIENNQCIKEYVMPEDIAAMALFLAADDSKLCTAQNFIVDGGWI
A0KWY3,5.1.3.3,MQLSVTQKSLQHAAFADELQLVTLTNSHGLEVVLSNYGASIWSVKLYGQAQEPISLSLGYQDIKDWVTNPYYFGITAGRVANRIGKAQFPLAGKTIQLVANEGNNQLHGGPKGLSHCTWQVEMLQDNDSVAAVFSITSPDGDQGFPGNLAITLEYRLNENNELTLNYQAVCDQTTPVCLTNHAYWNLASNKQQGILGHELSIQASHFLALDNEQIPTGELILVDDGAYDFKQPKLIATDIKQLTNGYDHYFVMDRNPDNKNSLQTIAVLKDPLSGRELEISTTEVGVQFYSGNFLDGSHIDDEGYSINQFHGLCLETHGYPNAVNIDHFPSVMLEANTQYQQITVHKFKNI
A0KWZ9,3.1.1.15,MQTVTVGELLMTIPVGNRLGEGVLWDDLHQSIWWTDILSSVIYRFHLASRSLETFPMPHRVGSFGLTAKPTTLIVAFDIGIAIYDIEDQSLTWLAQPESHFAGNRFNDGRIDRQGRFWAGTMVEQRDTLQQTAALYCLDEKGHCHQHLTNLEISNGLCWSVDGRTLYHADSPKHQIYQYDFDIEQGLLSRKRLFASTSHHIFPDGSDVDAAGYLWNAQWGGGQVVRYRPDGEVDLILKLPVTHPTSIAFGGEKRDLLIVTSAKHSLDASQLDQEPQAGDVFIYPLQGIYGVNSPRFCGQL
A0KYX7,1.3.99.12,MDFNFNEDQRQFADLARQFAADELAPFAAKWDEEHHFPKDVIQKAGELGFCSLYSPESEGGMGLSRLDASIIFEELSKGCTATTAMLTIHNMATWMVTTWGTDTLRQAWSEPLTTGQMLASYCLTEPGAGSDAASLQTKAVREGDEYVVSGSKMFISGAGSTELLVVMCRTGQAGPKGISAIAIPADSEGIIYGKAEDKMGWNAQPTRLVTFDNVRVPVANLLGEEGQGFTFAMKGLDGGRINIATCSVGTAQAALERATQYMNERQQFGKPLAAFQALQFKLADMATELVAARQMVRLAAFKLDSGDPEATAYCAMAKRFATDVGFQVCDAALQIHGGYGYIREYPLERHFRDVRVHQILEGTNEIMRLIIARRLLDENAGQIL
A0KZW9,2.7.1.59,MGLVQTKDQQLFIGVDGGGSKCRATIYTADGTVLGTGVAGRANPLHGLAQTFASIEASTRQALLDAGMKETDSHLLVAGLGLAGVNVPRLYQDVISWQHPFAAMYVTTDLHTACIGAHRGADGAVIITGTGSCGYAHVGDDSLSIGGHGFALGDKGSGAWLGLKAAEHVLLALDGFATPTALTEMLLKHFGVSDALGIVEHLAGKSSSCYAELARSVLDCANAGDEVARGIVQEGADYISEMARKLFSLNPVRFSMIGGLAEPLQAWLGSDVVAKISETLAPPELGAMYFAQQQFNSVNINE
G8AJX1,1.3.8.7,MIPYTAPVDDLRFVLNEVVGLETVAALPNCDSAAPDLVDAVLEEAGKFASGVLAPLNRVGDKEGSVLENGVVRTPTGWKDAYSQFTESGWNSLPFEPEYGGQGLPWTVAFAVNEMWQAANLSFGLCPLLTQGAVDLLTEHASAEQKALYLPKMIAGEWNGTMNLTEPQAGSDLAAVRTRAVRADDGTYRITGQKIFITYGEHDLTDNIVHLVLARLPDAPPGIKGISLFIVPKFLPNADGTPGARNDLRCASLEHKLGIMASPTAVMAFGDDGGAVGFLVGQENRGIEYMFTMMNNARLGVGIQGVAIAERAYQQARDYAKGRVQSKDLADPKGSGVAIIRHPDVRRMLLDMRAKTEAARALALYAGTQLDVSRHHEDATVRAAATARVDILTPIVKAWSTDIGCDVASTGVQIHGGMGFIEETGAAQHYRDARITPIYEGTNGIHANDLTFRKTGRDGGESARTFIAEMRATVAELESIPGDDMEAIRTNLSAGLDALEQAVAWVVKTQADGDLRAAAAGAVNYLKLWGTVAGGWMLARSAAKALEGLRQPGANAPFLEAKLVTARFYAEQILAQGPGLLLPILTAHRTVMALSEDQF
B2SWP8,1.2.7.8,MTARLPIDGTPALADYKLSDNLTATRGRIFLTGTQALVRLVLMQRAADKARGMNTAGFISGYRGSPLGMVDQQLWKAKKLLAASDIRFLPAINEELGGTAVLGTQRVESDPERTVEGVFAMWYGKGPGVDRAGDALKHGNAYGSSPHGGVLVVAGDDHGCVSSSMPHQSDFAMMAWHMPVVNPSNIADMLEFGLYGWELSRFSGAWVGYKAISETVESGSTVDLDALRTDWTMPQDFEVPAGGLHNRWPDLPSLTIESRMHAKLDAVRHFARVNSIDKWIAPSPHANVGIVTCGKAHLDLMETLRRLDLTVADLEAAGVRIYKVGLSFPLEMTRIDAFVSGLSEVLVIEEKGPVIEQQIKDYLYNRTQGTRPIVVGKNAEDGTLLLSSLGELRPSRILPVFANWLAKHKPALDRRERVVDLVAPQILSNAADSVKRTPYFCSGCPHNTSTKVPEGSIAHAGIGCHFMASWMERDTTGLIQMGGEGVDWASHSMFTKTRHVFQNLGDGTYFHSGILAIRQAVAAKATITYKILYNDAVAMTGGQPVDGSISVPQIARQVEAEGVSRFVVVSDEPEKYDGHHDQFPKGTTFHHRSEMDTVQRQLRDTDGVTVLIYDQTCAAEKRRRRKKGEFPDPDKRLFINEEVCEGCGDCGVQSNCLSVEPVETALGRKRRIDQSSCNKDYSCVNGFCPSFVTVEGGKLKKAAGAAFDPQALAARVEALPIPATHLDAAPYDILVTGVGGTGVVTVGALISMAAHLEGKSASVLDFMGFAQKGGSVLSFVRFAARDEWLNQVRIDTQQADVLLACDMVVGASADALQTVRHGRTRIVVNTHAIPNATFVTNPDATLHADALLDKMRHAAGAERMSTCDAQALATRFLGDTIGANILMLGYAWQLGLVPVSFGAMMRAIELNNVAVQMNQLAFSIGRLAAEDPAALEALWQARHLAKQSVRVDTLDELIAHREGRLQTYGGASYVKRYRALVDAARRAETSVDAKSERVTRAVATTFYRLLAVKDEYEVARLHTDAVFREALEAQFEGVAGKDFGIKFNLAPPTLTRPEPGKNPVKKTFGQWMWPVLGTLAKFSSLRGTMLDPFGRTLERKMERELAGDYETTLQRALARLDAGNLEDVAKLADLHARVRGYGHVKLANLAGVKRGERDLAARLQIEAATGESVRKSLEEMKGAGQLRGIPVVVAK
B2SWQ5,5.3.1.7,MTQSDPLHPANGAAAAPPVESFRSRDFLLSHVQDTLRFYAPNVFDPSGGFFHFFRDDGSVYDKTTRHLVSSCRYVFNYAMAYRQFGDPQHLEYARHGLRFLREAHWDAQHEGYDWEIEWRDGKKRTLDATRHCYGLAFVLLAYSHAAMAGIEEAKPMIGATFELMEHRFWDAAAGLYADEASPDWRVSSYRGQNANMHTTEALLAAHEATRHLVYLDRAERVASNITLRQAKLSQGLVWEHFHADWSVDWHYNEEDSSNIFRPWGFQPGHQTEWAKLLLILERFRPLPWLLPRAIELFDAAMAHAWDEDHGGLYYGFGPDGTVCDHDKYFWVQAETFATAALLGKRTGNERFWDWYDEIWRYSWAHFVDHEYGAWYRILTCDNRKYSDEKSPAGKTDYHTMGACYEVLAHALPDGAAAAPESAEQTK
B2SX46,1.3.8.7,MGQYAAPLRDMQFVLHELLNVEAEIKQMPKHADLDADTINAVLEEAGKFCSEVLFPLNHSGDQEGCTYVGDGVVTTPKGFKEAYAQYVEAGWPALGCDPEYGGQGLPAFVNNALYEMLNSANQAWTMYPGLSHGAYECLHAHGTPELQQRYLPKLVAGVWTGTMCLTEPHCGTDLGILRTKAEPNSDGSYAISGTKIFISSGEHDLAENIVHLVLARLPGAPNGTKGISLFIVPKFVPNEAGEPGERNGVKCGSIEHKMGIHGNATCVINLDNAKGWLVGEPNKGLNAMFVMMNAARLGVGMQSLGLTEIGYQNSLTYAKERLQMRSLTGPKAPEKAADPIIVHPDVRRMLLTQKAYAEAARAFSYWSALHIDKELSHADESVRKEAADLVALLTPILKAFLSDNAFESTNHAMQIYGGHGFIAEWGMEQYVRDARINMIYEGTNAIQALDLLGRKILGDMGAKMKKFGKLVSDFVEAEGVKPEMQEFINPLADIGEKVQKLTMEIGMKAMQNPDEVGAAAVPYLRTVGHLVFSYFWARMARVALDKEASGDPFYKAKLATARFYFAKLLPETAMTIRQARAGSKSLMDVEEALF
B2T518,1.1.1.43,MKKIVAWKSLPEDVLAYLQQHAQVVQVDATQHDAFVAALKDADGGIGSSVKITPAMLEGATRLKALSTISVGFDQFDVADLTRRGIVLANTPDVLTESTADTVFSLILASARRVVELAEWVKAGHWQHSIGPALFGVDVQGKTLGIVGLGRIGGAVARRAALGFNMKVLYTNRSANPQAEEAYGARRVELAELLATADFVCLQVPLTPETKHLIGAAELKSMKKSAILINASRGATVDEKALIEALQNGTIHGAGLDVFETEPLPSDSPLLKLANVVALPHIGSATHETRHAMARNAAENLVAALDGTLTSNIVNREVLSK
B2SY89,1.1.1.9,MTTQSTDHDQQNMTAIVCHAPKDYRVEQVSKPRAGAHELVIRIAACGICASDCKCHSGAKMFWGGPSPWVKAPVIPGHEFFGFVEEIGEGAADHFGVKMGDRVIAEQIVPCGKCRYCKSGQYWMCEVHNIFGFQREVADGGMAEYMRIPPTAIVHKIPDGISLEDAAIIEPLACAIHTVNRGEVQLDDVVVIAGAGPLGLMMTQIAHLKTPKKLVVIDLVEERLALAREYGADVTINPKQDDALAIIHSLTDGYGCDVYIETTGAPIGVNQGMDLIRKLGRFVEFSVFGADTTLDWSVIGDRKELDVRGAHLGPYCYPIAIDLLARGLVTSKGIVTHGFSLEEWDEAIKIANSLDSIKVLLKPRA
B2SYA3,1.1.1.14,MAARLQDKVAILTGAASGIGEAVARRYLDEGARCVLVDVKPADSFGDSLRATYGDRVLTVSADVTRRDDIQRIVASTLERFGQIDILFNNAALFDMRPILEESWDVFDRLFAVNVKGMFFLMQAVAQKMVEQGCGGKIINMSSQAGRRGEALVSHYCATKAAVLSYTQSAALALAPHKINVNGIAPGVVDTPMWNEVDALFARYENRPLGEKKRLVGEAVPLGRMGVPDDLTGAALFLASADADYITAQTLNVDGGNWMS
B2SYF9,4.2.1.6,MKITKLETFIVPPRWCFLKIETDEGIVGWGEPVVEGRAHTVAAAVEELSDYLIGKDPLLIEDHWQVMYRSGFYRGGPITMSAIAGVDQALWDIKGKHHGVPIHALLGGQVRDKIKVYSWIGGDRPSDVANNARAVVERGFKAVKMNGSEELQIIDTFDKVQGVINNVAAVREAVGPNIGIGVDFHGRVHKPMAKVLAKELDPYKLLFIEEPVLSENAEALRDIVNQTNTPIALGERLYSRWDFKHILSGGYVDIIQPDASHAGGITECRKIASMAEAYDVALALHCPLGPIALATCLQIDAVSYNAFIQEQSLGIHYNQGNDLLDYIKNPEVFKYEDGFVSIPQGPGLGIEVNEEKVREMAKVGHRWRNPVWRHEDGSVAEW
B2SYR3,"1.1.1.46,1.1.1.48",MSSPANANVRLADSAFARYPSLVDRTVLITGGATGIGASFVEHFAAQGARVAFFDIDASAGEALADELGDSKHKPLFLSCDLTDIDALQKAIADVKAALGPIQVLVNNAANDKRHTIGEVTRESFDAGIAVNIRHQFFAAQAVMEDMKAANSGSIINLGSISWMLKNGGYPVYVMSKSAVQGLTRGLARDLGHFNIRVNTLVPGWVMTEKQKRLWLDDAGRRSIKEGQCIDAELEPADLARMALFLAADDSRMITAQDIVVDGGWA
B2SYZ1,1.2.1.3,MTHPLFTKHEDTLQKALTAVETRGYWSPFVEMPSPKVYGETANADGEAAFKAHLNATFQLDQPSTGETVGAEVSPFGFPLGVRYPKAEPAALIAAAAAAQRDWRAAGPQAWIGVCLEILARVNRASFEIGYSVMHTTGQAFMMAFQAGGPHAQDRALEAVVYAWDQLRRIPGDTHWEKPQGKNPPLAMHKRYTVVPRGTGLVLGCCTFPTWNGYPGLFADLATGNTVIVKPHPGAILPLALTVRIARDVLREAGFDPNVVTLLATEPNDGALVQDLALRPEIKLIDFTGSTQNGTWLERNAHQAQVYTEKAGVNQIVIDSVDDIKAAARNVAFSLALYSGQMCTAPQNIYVPRGGIRTAEGTLSFDEVAQAIAGAVQKLVADPARAVELLGAIQNEGVTQRIDEAAKLGRVLVESLTLEHPAFAGARVRTPLVLQLDAATDHAQFTKEWFGPISFVIATDSTAQSLDLAGAIASEHGALTLSVYSTDEAVLDDAHEASIRGGVALSINLTGGVFVNQSAAFSDFHGTGANPAANAALADAAFVANRFRVVQSRVHVEPKAAPAVAG
B2T7R9,4.2.1.25,MADSNQTKKPLRSQAWFGLKDRDGFLHRSWMKNQGIPHDEFDGRPVIGICNTWSELTPCNAHFRELAEYVKKGVHEAGGLPLEFPVMSLGETNLRPTAMLFRNLASMDVEESIRGNPMDGVILLVGCDKTTPALLMGAASCNLPALAVSGGPMLNGRFRGKNIGSGTGVWQMSEEVRAGTMTQEEFTEAESCMNRSRGHCMTMGTASTMASMVESLGMGLPHNAAIPAVDARRQVLAHLAGRRIVDMVREDLTMDKILTRQAFENAIRTNAAIGGSTNAVVHLIALAKRIGVELSLEDWELGSNVPCLVNLQPSGEYLMEDFYYAGGLPAVLKQLGEQGLLHKEALTVNGKTLWDNVRNAANYDEKVITTFAEPFKPKAGIAVLKGNLAPNGAVIKPSAATASLLKHRGRAVVFENIEELHAKIDDESLDIDEHCIMVLKGAGPKGYPGFAEVGNMPLPKKVLQKGITDMVRISDGRMSGTAYGAVVLHVSPEAAAGGPLAFVQTGDMIELDVEERRLHLDVTDEELARRRAAWQAPEAPKRGYYKLYVEHVLQADQGADLDFLVGSSGAPVPRDSH
B2TD34,4.2.1.43,MTQSSHPAAMRGVFPVAPTIFDDAGRLDLEGQKRCIDFMIDAGSNGLCILANFSEQFALSDDERNTLMHVVLEHVAGRVPVIVTTTHFSSYQCAERSRSAQAAGAAMVMVMPPYHGATIRIGERGIYEFYRTVSDAIGIPIMIQDAPVSGTPLSAPFLARMAREIDNVSYFKIEVPQAANKLRELIELGGDAIVGPWDGEEAITLMADLDAGATGSMTGGGYADGIRLIVDAYAAGDTEAAAAHYQQWLPLINYENRQGGLASCKALMKEGGVIRSDAVRHPLPQMHPATREGLLKVARRLDPLVLRWGR
B2TDJ5,2.6.1.19,MSYRTEEVAYVQPAQPAASAQASQAAQQQRSTAEYRALDAAHHIHPFSDMGSLNRSGSRVIVKAQGVYLWDSEGNKVIDGMAGLWCVNVGYGRKELADAAYKQMQELPYYNTFFKTTHPPVIELSALLAELAPEAFNHFFYCNSGSEGNDTVLRIVHQYWATQGKHSKKFVISRKNGYHGSTIAGGTLGGMGYMHEQMPSKVENIVHIDQPYFFGEAQGNLTPEEFALARAQQLEAKILEIGADNVAAFIGEPFQGAGGVIFPASTYWPEIQRICRKYDILLVADEVIGGFGRTGEWFAHQHFGFEPDLITLAKGLTSGYVPMGAVGLHDRVAKAIIENGDFNHGLTYSGHPVAAAVAVANLKLLRDEKIVDRVKNDTGPYFQKQLRETFANHPIIGEISGTGLVAGLQLAQDPKARKRFANGGDVGTICRDFCFNGNLIMRATGDRMLLSPPLVINKLEIDEIVSKAKKAIDATAQQLGIS
B2TDJ6,6.3.1.11,MHDIDDFLKKNRVTEIEAIIPDMAGIARGKIIPRSKFESGESMRLPQAVMIQTVTGDYPEDGTLTGVTDPDMVCVPDASTIRMIPWAVDPTAQVIHDCVHFDGTPVAISPRRVLRRVLELYKAKGWKPVIAPELEFYLVDMNKDPDLPLQPPIGRTGRPETGRQAYSIEAVNEFDPLFEDIYEYCEVQELEVDTLIHEVGAAQMEINFMHGDPLKLADSVFLFKRTVREAALRHKMYATFMAKPMEGEPGSAMHMHQSLVDEETGHNLFTGPDGKPTSLFTSYIAGLQKYTPALMPIFAPYINSYRRLSRFMAAPINVAWGYDNRTVGFRIPHSGPAARRIENRIPGVDCNPYLAIAATLAAGYLGMTQKLEATEPLLSDGYELPYQLPRNLEEGLTLMGACEPIAEVLGEKFVKAYLALKETEYEAFFRVISSWERRHLLLHV
B2T9V2,3.7.1.-,MKLLRYGPKGQEKPGLLDAQGKIRDLSKVVADIDGAALTDEGLAKLRALDPASLPLVEGNPRMGPCVGKIGKFICIGLNYADHAAESNLPVPAEPVIFNKWTSAISGPNDDVEIPRGSKKTDWEVELGVVIGKPAKYIDEANALDYVAGYCVINDVSEREWQIEKGGTWDKGKGFDTFGPIGPWVVTRDEVADPQNLSLWLEVDGHRYQNGSTKTMVFGVAKLVSYVSQCMSLQPGDVISTGTPPGVGMGVKPNPVFLKPGQTIRLGIEGLGEQTQKTYAAE
B2T9V5,"1.1.1.122,1.1.1.173",MTATIGSKIGQRRRIGRGPLQVTGLGLGTAPLGGLYRDLSDEEAHATIAAAWDAGVRYFDTAPHYGNTKAEHRLGDALRRYPRADYVLSTKVGRRFVPRTTPFDDKEGWQNPLPFEAIYDYTHDGILRSFEDSQQRLGIVDIDILLVHDIGRVTHGDNHPHYWRQLTEGGGFRALDALRSSGAIKAVGLGVNEGAAILDAMAEFDIDCALLAGRYTLLEQTTLDDLLPACEKRGVSILLGGAFNSGILARGVQGDLKFNYGEAPPEVIERVARLEAVCRTHGVPLAAAALQFPYAHPTVATVLTGARSADELRENAASFELPIPAALWFALREEGLLDSRAPAPED
B2T9V6,"4.2.1.68,4.2.1.90",MPVAAQQPTLEGYLRGDGRKGIRNVVAVAYLVECAHHVAREIVTQFREPLDAFDDPSAEREPPVHLIGFPGCYPNGYAEKMLERLTTHPNVGAVLFVSLGCESMNKHYLVDVVRASGRPVEVLTIQEKGGTRSTIQYGVDWIRGAREQLAAQQKVPMALSELVIGTICGGSDGTSGITANPAVGRAFDHLIDAGATCIFEETGELVGCEFHMKTRAARPALGDEIVACVAKAARYYSILGHGSFAVGNADGGLTTQEEKSLGAYAKSGASPIVGIIKPGDIPPTGGLYLLDVVPDGEPRFGFPNISDNAEIGELIACGAHVILFTTGRGSVVGSAISPVIKVCANPATYRNLSGDMDVDAGRILEGRGTLDEVGREVFEQTVAVSRGAASKSETLGHQEFILTYKTFEPVGPACLPSSAAAQHRVVAIEPH
B2T9V7,"4.2.1.68,4.2.1.90",MTSRLLPLQTDPRLILLSPADNCLIAAARLDCGTQVEIEGERVTLTRTIDLGHKVARHELAKDDKVLRYGAVIGHVTEAVARGAHLHTHNLESDYLPTYTHDAGHEFVHH
B2TAE5,6.2.1.32,MEPSAHVDTFARDNLPPQDQWPVFLLDNPDVAYPARLNCASELLDRTIDAGHRDDPAIWSDVDGAPRATTYGELLALVNRSAHVLVDEMGLQPGNRVLLRGPNTLHMAVTALAALKVGLVVVPTMPLLRAKELKQIIDKAQVGAALCDARLTAELARCSDPEDEFYCAGLMQTRLFHDDSPDSLDTLAVNKPDHFTACDTAADDVCLIAFTSGTTGAPKGCMHFHRDVVAMCDLFPRHVLKPTSSDIFCGTPPLAFTFGLGGLLCFPLRVGASTVLIEKLTPETLLQTVERFHATVMFTAPTFYRQMAPLVAHHDVSSLKKTVSAGEALPDSTRRLWRDATGIDMIDGIGGTELIHIFISAQGDEIRPNAIGRAVPGYAVQAVDDDMQPVAPGTIGKLAVRGPTGCRYLADERQMKFVRDGWNLPGDSVYLDEDGYVFYQARADDMIVSAGYNISGPEVESVLLQHDAVSECGVIGVPDETRGQIVKAFVVVNPGYERDDKLVAQLQEFVKNSVAPYKYPRDIVFVDSLPRTETGKLKRFELRTMA
A0A0C4Y492,6.2.1.32,MASTAHLDTYALDRLPPPQQWPAFLFNADTRYPERMNCALELVERHVREGRGERVAIRYEQDGAHRTVSYAELAALSNRIAHVLTGDMKLVPGSRVLLRGPNNLMMAACWLAVVKAGLIAVPTMPLLRAKELKQVIDRAAVSAALCDERLREELEANLKPGGEHHCPSLTQALYFNSSGAGSVEAAMANKPDGFEACDTAADDICLIAFTSGTTGQPKGTVHFHRDVIAMCDLFPRHVLKPGPDDIFCGTPPLAFTFGLGGILCFPLRVGASTVLAERLTPESLLALIQSWRATIVFTAPTFYRQMAALAPGYDLSSLQKSVSAGEALPDATRQSWKAATGIEMTDGIGGTEMMHIFISSAGADVRPGAIGKVVPGYIAQIVDEQMQPVPHGTVGKLAVRGPTGCRYLDDPRQANYVKDGWNLPGDTFKADADGYYYYQARSDDMIVSAGYNIAGPEVESALMRHEAVAECGVVGMPDPERGQIVAAYVVLRPGVAASDETCAALQSYVKAEIAPYKYPRKVIFVDALPRTETGKLQRFRLRQMAEQSGAPEGARQP
A0A0C4YHI0,1.14.13.40,MRVLCIGGGPSGLYFGLLMKLRDPSSEVYVVERNRPYDTFGWGVVFSDATMDNLKQADPVSAEQINAAFNHWDDIDIHIGGRTLRSGGHGFIGIGRKRLLNILQARCEALGVHLVFETDVTDDQALAQQYQADIVIASDGINSRVRGRYAETFQPDIDTRLCRFVWLGTRKLFDAFTFAFEKTEHGWFQAHAYRFDDNTSTFIVEAPEPVWRAAGIEQMSQEEGVAFCERLFARYLDGNALISNATHLRGSANWIRFPRVICGTWVHWNTLAGGRRVPVVLMGDAAHTAHFSIGSGTKLALEDAIDLANNIRDAGPGGADVLPQALERYQATRSVEVLKIQNAARNSTEWFENVERYAGLAPEQFAYSLLTRSQRISHENLRVRDPGYVEGFERWLAGQAAANVANATSTGQAAEARVVPPMFTPLRVRNVTLKNRVVVSPMAMYSCEDGVPGDFHLTHLGARALGGAGMVVAEMTCTSPDARITPGCPGLWNDEQRDAWRRIVDFVHANSDARIAMQIGHAGRKGSTQLGWEQMDYPLAEGNWPVLSASPLPYMPGISQVPREMSRADMDAVRDDFVASARRAAQAGFDWLELHCAHGYLLSSFISPLTNQRSDEYGGSLQARLRYPLEVFAAVRAVWPQERPMSVRISAHDWVEGGITPDDAIEIARAFKAAGADMIDCSSGQVSPDQAPVYGRMYQTPFADRIRNEAGIATIAVGAIFEADHVDSIIAAGRADLCAIARPHLADPAWTIHEAARLGHRDLAWPKQYQAGKRQLETNLERAAQQARQARQPEDH
A0A0C4Y642,1.1.3.15,MNAPHEVSLVADDARRSALLAGLAKILPDAALLWKPEDTVPYECDGLAAYRQVPMAVALPDNEDQVCAILRLCHSLQVPVVPRGAGTSLSGGAMPIATGLVLSLAKFKRIVSVDVRSRTAVVQPGVRNLAISEAAAQYNLYYAPDPSSQIACTIGGNVSENSGGVHCLKYGLTVHNVLRVRAVTMEGDVVEFGSEAPDAPGLDLLAAVIGSEGMLAVVTEVSVKLIPKPQLAQVIMASFDDVAKGGNAVADVIGAGIIPAGLEMMDKPATAAVEEFVRAGYDLDAAAILLCESDGTPEEVAEEVERMSEVLRASGASRIQVSQSEPERLRFWSGRKNAFPAAGRISPDYYCMDGTIPRKHIGTLLKRIEEMERKYGLRCMNVFHAGDGNMHPLILFDGADQDEWHRAELFGSDILESCVELGGTVTGEHGVGVEKLNSMCVQFSAQERDLFFGVKAAFDPARLLNPDKAIPTLARCAEYGRMHVKRGLLPHPDLPRF
A0A0C4YFX9,1.1.3.15,MPATPADQQATLTAFRDAIRHATGTRTPLRLRGGGSKDFYGQHPQGTLLDTRAYSGIVDYDPPELVITARCGTPLAQIEAALAERRQMLAFEPPHFSTGADGSDVATIGGAVAAGLSGPRRQAVGALRDFVLGTRVMDGRGDVLSFGGQVMKNVAGYDVSRLMSGSLGTLGLILEVSLKVLPVPFDDATLRFALDEAAALDRLNDWGGQPLPIAASAWHDGVLHLRLSGAAAALRAARARLGGEAVDAAQADALWRALREHSHAFFAPVQAGRALWRIAVPTTAAPLALPGGQLIEWGGGQRWWLGGSDSAADSAIVRAAAKAAGGHATLFRNGDKAVGVFTPLSAPVAAIHQRLKATFDPAGIFNPQRMYAGL
A0A0C4YDN4,1.1.3.15,MQTTLAEFLRDTPDGEEAKSIVGKCVHCGFCTATCPTYQLLGDELDGPRGRIYLMKQVLEGQPVTQSTRLHLDRCLTCRNCESTCPSGVKYGRLVDIGRKVVDDRLEAQGIQRPARERFARWALRETMTRPALFGTAMRMGQRVRPLLPQALRNKVPQAVDAGAWPRTTHARKMLLLDGCVQPSMSPNINAATARVFDRLGVQLVMAREAGCCGAVRYHTGDHDGGLDNMRRNIDAWWPAVQAGAEAIVMTASGCGVMVKEYGHLLRNDAHYADRARQISALTKDLSELLPNFADALQDAAAEAGSSKGTNGTDGQRVAYHPPCTLQHGQQIRGKVEALLTGLGVDVKLCADSHLCCGSAGTYSVLQPALSYRLRDEKLANLQALKPEAIVSANIGCITHLQSGTGTPVMHWIELVDRMLG
A0A0C4YL05,1.4.1.10,MKTIAVIGGGITGVTTAYALAKRGFSVTLLEKHRYAAMETSFANGGQLSASNAEVWTHWSTILKGIKWMLKSDAPLLVNPRPSWHKLSWFAEFIAAIPHYRKNTIETTRLAIAARDHLFSWAAAEGIDFDLKKEGILHIYRDKAGFEHAGRVSKLLAEGGLARHAVTPEEMRAIEPTLAGQYYGGYFTQSDSTGDIHKFTSGMAAAIDRLGVRCLYNQDVQSVSTDGRQVTIVSGDGRQAESRVFDGVVVCAGTASRALAASLGDRVNIYPVKGYSITVNLNDAQSQAAAPVVSLLDDETKLVTSRLGVDRFRVAGTAEFNGYNRDIRADRIRPLVEWVNQCFPGVSTRSVVPWAGLRPMMPTMLPRVGRGRASCVFYNTGHGHLGWTLSAVTADMIGDVVQQAMGARRAHGVQEPVALVTP
A0A0C4YKU6,1.1.1.103,MTKPARVLIIGANGQLGTELASALADRYGKQNVVTSDMVPHGRHLHLTHEMLDVTDRAHLRDVIERHGITQIYHLAAALSATGEKSPTWAWQLNMNGLLNVLEAARHQKLDKVFWPSSIAAFGPTTPPDGTPQSTIMEPKTVYGISKLAGEGWCRWYFENHGVDVRSLRYPGLISYKTPPGGGTTDYAIDIFHSALRAQPYACFLEKDEALPMMYMPDAVRATMELMEAPRASISERGSYNLAGLSFTPGEIANEIRRHCPGFDVRYEPDFRQEIAAGWPDSIDDSVARRDWNWRPEFGLKEMVADMLKNLATLNQGSALECVS
A8LS70,2.7.1.5,MTRHVAVIDIGKTNAKLALVDRQSLTEISVITRPNTVLPGPPWPHFDVDGHWAFLLDGLRDFQARHGIDAISITTHGACAALLQKDGALAAPILDYEHPGPDDTALAYDALRPPFSETGSPRLAGGLNIGAQLFWQFHTDPALRDRTRQIVTYPQFWGAKLTGVTATDVTSLGCHTDLWNPHAGAVSSLVDRLGLTGKLAPVRKPHDILGPVLPAVAAQTGLAPGTPVHCGIHDSNASLLPYVLTQTSPFSVISTGTWVVAMSVGGRPVVLDPDLDTLINVTALGQPAPSARFMGGREHDLATEGTGPPPSAQDLDHILSRQILLLPAVVPDTGPFKGQASRWEGDAPAPGTGARGAAVALYLALVTAECLSNIGHAGKIIVEGPFAGNRLYLEMLSVAMEADVVRASGTTGTSAGAALLAGGDAGAPPRPDSLVALPAASKTRLRHYAAHWRQRARRRTP
A8LS77,1.2.1.22,MLKSLETQLLESRWDDEVAKGMSESELLLYRSNILGADKRVTNYGGGNTSAKVMEADPLTGAQVEVLWVKGSGGDIGSIKMDGFATLYMDKLRALKGLYRGVAFEDEMVSYLPHCTFRLNPRAASIDTPLHAYVPRKHVDHVHADAIIAIAASDNSKELTQEIFGNRIGWLPWKRPGFELGLWLEKFCRENPEADGVVLESHGLFTWADTAKECYDQTIDVINVATRWLAERSAGVPAFGGAIHESLPAAARREVAARLMPAIRGFVSDNQHMVGHFNDSDAVLEFVNARDMEALAALGTSCPDHFLRTKIRPLVVPFDPAQNNILAVLSELPDQVAAYREAYAAYYARCKHDDSPALRDPNAVVYLVPGVGMITFAKDKATARISGEFYVNAINVMRGASAVSTYQGLPEQEAFDIEYWLLEEAKLQRMPKPKSLAGRVALVTGGAGGIGAATAERFLAEGACVVLADINEDSLASTQERLSERFGADVVRSVVMNVTREEAVAAAFAEASVEFGGVDILVSNAGIASSAPIEETSLALWNKNMDILSTGYFLVSRAAFKLMRVQDMGGAVVFVASKNGLAASPNAAAYCTAKASEIHLARCLALEGAEAGIRVNVVNPDAVLRGSKIWEGDWLEQRAGTYGTDKDGLEEMYRQRSLLKRSVLPEDIAEACYFFAADASSKSTGNIINVDAGNVQAFTR
P04982,5.4.99.62,MKKGTVLNSDISSVISRLGHTDTLVVCDAGLPIPKSTTRIDMALTQGVPSFMQVLGVVTNEMQVEAAIIAEEIKHHNPQLHETLLTHLEQLQKHQGNTIEIRYTTHEQFKQQTAESQAVIRSGECSPYANIILCAGVTF
E4PHV4,1.3.8.7,MRFVLNEVFDAPALWASLPKVAEHVDPETADAILEEAGKISSGVLAPLNREGDEQGCKWNDGEVTSPEGFKEAYQTIVEGGWNGLGGNPDFGGMGMPKTLVAQFEEMMQGANMAFGLAPMLTAGACLALDAHGSDELKEKYLPNMYSGVWSGAMDLTEPHAGTDLGIIRTKAEPNDDGSFNVTGTKIFITWGEHDMAENIIHLVLAKLPDAPKGPKGISMFLVPKFLVNDDGSLGERNSFSCGSLEKKMGIKGSATCVMNFDGAKGWLVGEENKGLAAMFTMMNYERLGVGIQGIGAAEASLQSAREYALDRIQSRAPTGAQQPEKAADPILVHPDVRRMLLTMKSYVEGGRTFSTYVAQWLDIAKFAEDDERRKHAEGMVALLTPVAKAFLTDRGLDTCIMGQQVFGGHGFIREWGQEQLVRDCRITQIYEGTNGIQALDLMGRKVVGTQGKLYELFAQDVANFLEENSGNDHLRPFLEPLAAAVERLDDVTEHVIKQAGDNPNAIGAASVDYLDLFGLTALGYMWAKIVKAAAPQADSDTSGFYSGKLKTARFYFDRLLPKTVSLAEGIRSGSDSMMALTAEEF
E4PKI1,1.1.1.-,MPALDTQTKVAVVGAGAMGSGIAQVAAQAGHQVYLHDQREGAAEAGRDGIAKQLQRRVDKGKMQQQELDDVIGRIHPVAKLDDVADAGLVIEAIIEDLQIKRQLLASLEDLCTADAILATNTSSISVTALGADMSKPERLVGMHFFNPAPLMALVEVVMGLATSKTVADTVHATATAWGKKPVYATSTPGFIVNRVARPFYAESLRLLQEQATDAATLDAIIREAGQFRMGAFELTDLIGHDVNYAVTSSVFNSYYQDPRFLPSLIQKELVEAGRLGRKSGQGFYPYGESAEKPQPKTEPAHQSDESVIIAEGNPGVAAPLLERLKAAGLTIIERDGPGQIRFGDAVLALTDGRMATERAACEGVANLVLFDLAFDYSKASRLALAPADQASDAAVSCACALLQKAGIEVSLIADRPGLVIMRTVAMLANEAADAALHGVATVADIDLAMKAGLNYPDGPLSWSDRLGAGHVFKVLTNIQTSYAEDRYRPALLLRKNAFAQKGFYS
E4PKI3,2.3.1.-,MSADNILKDAYIVDAIRTPIGRYGGALSAVRADDLGAIPIKALAERYPDLDWSKIDDVLYGCANQAGEDNRDVARMSLLLAGLPVDVPGSTINRLCGSGMDAVGSAARAIRTGETQLMIAGGVESMSRAPFVMGKADSAFSRKAEIFDTTIGWRFVNPVLKKQYGIDSMPETAENVAADFGISREDQDAFALRSQQRTAAAQKEGRLAAEITPVTIPRRKQDPLVVDTDEHPRETSLEKLASLPTPFRENGTVTAGNASGVNDGACALLLAGADALKQYNLKPRARVVAMATAGVEPRIMGFGPAPATRKVLATAGLELADMDVIELNEAFAAQALAVTRDLGLPDDAEHVNPNGGAIALGHPLGMSGARLVTTALNELERRHAAGQKARYALCTMCIGVGQGIALIIERMDAVA
E4PR87,2.6.1.57,MFEALQPLPQDPILQLMQTFLEDDRPDKVDLGIGVYKDDAGNTPIMAAVHEAERRLLEGETTKSYVGPAGSAGFNSAMAELILGSNSPLVRDGRVSVIQTPGGCGALRMAAEFLRLCKADTKVWVSTPTWANHLPLLGGAGLTIREYPYLNPETLQVDFGAMLETLERADAGDVVLLHGCCHNPSGADLSLAQWQEVTSLIQRKGLLPFVDMAYQGLGEGLDADAAGLRHLASAVPEMLIAASCSKNFGLYRERTGALALVSETATVNAAATSQLLSVIRSHYSMPPAHGASIVETILGDDDLRAQWQQELNGMCKRILHLRHAFADALSPVGDFDFIARQRGMFSFLGISPEQVGRLRKEHGIHMLESSRVNVAGLNDHVLPQVASALREVLGK
E4PR88,1.2.7.8,MSADTPQLDDYKLEDRYLRESGRVFLTGTQALVRIPLMQAALDRKQGLNTAGLVSGYRGSPLGAVDQALWQAKDLLDENRIDFVPAINEDLAATILLGTQQVETDEDRQVEGVFGLWYGKGPGVDRAGDALKHGTTYGSSPHGGVLVVAGDDHGCVSSSMPHQSDVAFMSFFMPTINPANIAEYLEFGLWGYALSRYSGCWVGFKAISETVESAASVEIPPAPDFVTPDDFTAPESGLHYRWPDLPGPQLETRIEHKLAAVQAFARANRIDRCLFDNKEARFGIVTTGKGHLDLLEALDLLGIDEDKARDMGLDIYKVGMVWPLERRGILDFVHGKEEVLVIEEKRGIIESQIKEYMSEPDRPGEVLITGKQDELGRPLIPYVGELSPKLVAGFLAARLGRFFEVDFSERMAEISAMTTAQDPGGVKRMPYFCSGCPHNTSTKVPEGSKALAGIGCHFMASWMGRNTESLIQMGGEGVNWIGKSRYTGNPHVFQNLGEGTYFHSGSMAIRQAVAAGINITYKILFNDAVAMTGGQPVDGQITVDRIAQQMAAEGVNRVVVLSDEPEKYDGHHDLFPKDVTFHDRSELDQVQRELRDIPGCTVLIYDQTCAAEKRRRRKRKQFPDPAKRAFINHHVCEGCGDCSVQSNCLSVVPRKTELGRKRKIDQSSCNKDFSCVNGFCPSFVTIEGGQLRKSRGVDTGSVLTRKLADIPAPKLPEMTGSYDLLVGGVGGTGVVTVGQLITMAAHLESRGASVLDFMGFAQKGGTVLSYVRMAPSPDKLHQVRISNGQADAVIACDLVVASSQKALSVLRPNHTRIVANEAELPTADYVLFRDADMKADKRLGLLKNAVGEDHFDQLDANGIAEKLMGDTVFSNVMMLGFAWQKGLLPLSEAALMKAIELNGVAIDRNKEAFGWGRLSAVDPSAVTDLLDDSNAQVVEVKPEPTLDELINTRHKHLVNYQNQRWADQYRDAVAGVRKAEESLGETNLLLTRAVAQQLYRFMAYKDEYEVARLFAETDFMKEVNETFEGDFKVHFHLAPPLLSGETDAQGRPKKRRFGPWMFRAFRLLAKLRGLRGTAIDPFRYSADRKLDRAMLKDYQSLVDRIGRELNASNYETFLQLAELPADVRGYGPVREQAAESIREKQTQLIKALDTGRPTLIRTQQANEEANHV
Q8EHE8,1.2.1.16,MLLNDPSLLRQQCYINGQWCDANSKETVAITNPATGAVIACVPVMGQAETQAAIAAAEAALPAWRALTAKERGAKLRRWFELLNENSDDLALLMTSEQGKPLTEAKGEVTYAASFIEWFAEEAKRIYGDTIPGHQGDKRIMVIKQPVGVTAAITPWNFPAAMITRKAAPALAAGCTMVVKPAPQTPFTALALAVLAERAGIPAGVFSVITGDAIAIGNEMCTNPIVRKLSFTGSTNVGIKLMAQCAPTLKKLSLELGGNAPFIVFDDANIDAAVEGAMIAKYRNAGQTCVCANRIYVQAGVYDEFAEKLSMAVAKLKVGEGIIAGVTTGPLINAAAVEKVQSHLEDAIKKGATVLAGGKVHELGGNFFEPTVLTNADKSMRVAREETFGPLAPLFKFNDVDDVIKQANDTEFGLAAYFYGRDISLVWKVAESLEYGMVGVNTGLISTEVAPFGGMKSSGLGREGSKYGIEEYLEIKYICMSV
Q8EE95,1.3.8.-,MLTIIIIALIAIIALFAVKSLRMQFITQPVFHFFKKVLPPLSDTEREAMEAGDVWWEGELFRGNPNWNTLHSYGKPTLTAEEKDFIDNQVMTALTMIDDFDIVHNRKDLPPELWDYFKKEGFFALIIPKKFGGKAFSAYANSTIVSKLASRSVSAAVTVMVPNSLGPGELLTHYGTEEQKERWLPALAKGDEIPCFALTGPEAGSDAGAIPDVGIVCRGEFNGEEVLGLKLTWNKRYITLAPVATVLGLAFQMRDPDGLLGEKKNLGITCALIPTDHPGVVIGRRHNPLNMAFMNGTTQGDEVFIPLDWIIGGPEFAGRGWRMLVECLSAGRGISLPALATASGHMATKTTTAYSYVRHQFGMAIGQFEGVQEALARIIANTYQLEAARRLTTTGIDLKVKPSVVTAIAKFHMTELGRAVMNDAMDIQSGKGIQLGPKNYLGHPYMSNPISITVEGANILTRSLMIFGQGATRCHPYVLAEMEAAAMENQHDALTRFDSLLMGHMGYATRNAFSALFNALTASRFGNAPVSGETKQYYKDMSRLSSALAFMTDISMLIMGGDLKRKEMLSARMGDVLSQLYLGSATLKLFEDNGRQQDDLPAVRYVMANRLHLAAKALEDVIRNFPNRPVAWLLRALIFPIGNHFNAPSDKMATELVSGMLKPSPARERITFLCPEFEGDVGGIAEVEQAFVAQYACKEIYKKLKKAQRSGELPAKVPNLVLFAKALEQGTISNDEHQTLLHADKLRLAAINVNDFEAL
Q8EBK6,2.7.1.59,MGLVQTNDQQLFIGVDGGGSKCRATIYTADGTVLGTGVAGRANPLHGLAQTFESIEASAHQALLDAGMKATDSHLLVAGLGLAGVNVPRLYQDVVNWQHPFAAMYVTTDLHTACIGAHRGADGAVIITGTGSCGYAHVGDASLSIGGHGFALGDKGSGAWLGLKAAEHVLLALDGFATPTALTEMLLSHLGVKDALGIVEHLAGKSSSCYAQLARNVLDCANAGDQVAIAIVQEGADYISEMARKLFMLNPVRFSMIGGLAEPLQAWLGSDVVAKISETLAPPELGAMYYAQQQFNSATV
I7ELB3,1.1.1.14,MKRLSGKRALITGAARGIGAAFAEAYANEGARVVIADIDTARAEATAAQIGAAAIAVELDVTDQASIDRALSRTVECFGGLDILINNAAVFTAAPLVEVTREAYQRTFDINVSGTLFMMQAAAQQMITQGTGGKIINMASQAGRRGEPLVSVYCATKAAVISLTQSAGLNLISHGINVNAIAPGVVDGEHWDGVDAFFAKYEGKAPGQKKAEVAQSVPYGRMGTAADLTGMAVFLASEDADYVVAQTYNVDGGQWMS
I7E0E8,1.1.1.60,MAKVAFLGLGVMGYPMAGHLAAAGHEVTVYNRTAAKAEAWAKEHGGTAAATPREAAAGAEFVMACVGNDDDLRSVCLGDTGAFGGMGAGAIFVDHTTVSAKVTRELNAAAADLGLSFVDAPISGGQAGAENGVLSVMCGGDQAAYDKAEPVIGSYARICRRIGDSGAGQMTKMCNQIAIAGLVQGLSEALHFAEKAGLDGRAVVEVISQGAAGSWQMANRHETMLDDHFDHGFAVDWMRKDLGICLDAAEETGASLPVTALVDQFYKDVQKLGGGRWDTSSLFKRLKAFE
I7EX15,3.5.3.6,MSQLQAPGAVVMIRPHHFCSNPETRDDNAFQTLADDTADVTSAQAQAEFDGAVTALRGAGVSVHVFDDTGTETPDSVFPNNWFSTHAGGHVAVYPMYAANRRKERRWDVIELLKRDYRVQDVIDYSGLEQDGLALEGTGAMVLDHIGRIAYTVKSNRADPVLLERFCTHFNFEPMVFEARDAQGRDVYHTNVLMGIGTDYALICLDMITDPTRRAEVAARLEETGRRVIDLTPEQIAGFAGNALELTGHSRLLALSSRAAEVLRADQITIIERSATLLPLSIPTIETAGGSVRCMLAAIHLSPRERTQS
I7E0Z4,5.3.1.7,MSTHSAVGDLSAPGVWLEDTGHQAYLIADARRQLDFFAGSLRAEPGFHTLDAAGRPLPDDKQELHTTTRLVHSYALAHICGYAGAEQMIDHGMAYLNSHHRDQIHGGYLWALSGDAIADDRKLAYGHVFVLLAAASAKLAGHPGADALLSDVAEVLDQRFWETGPKRFADEWNRDWTPFSTYRGMNANMHGVEALLTAYEATGETVFLDRAGHILDFFVDEVAAAESWRLPEHYTETWQIDRTYAGDPMFRPAGTTPGHSFELGRLMLQHWDLAGRRDTGAPTRARSLIEQALADAWLVDGGFAYTLDFEGKVAMRNRFWWPVTEAIGAVATLVKLDGRVEDEQWYRRLWGFAQAHFIDEDRGGWYPEIDGNGQVTRTIFTGKPDIYHALQACLLPLGALPLGHVAGLKKLSAPLLS
I7EZT8,2.7.1.59,MTDSRFPYLIAVDGGGTSCRFALLKSGATPPQQLVVTGGSANVYTAPDQAVETLSAGLADLQRQSGLTDEVFHQIPVYAGLAGVIDGESAARVAEALPQAHVRVEDDRMPAVVGALGEDTASLIGVGTGSFLGRQVAGQVTLIGGHGTVLGDEASGGWLGRRALQLTLQAAEGIEPMTPLLRSCLRDFSNETAKIVRFAQTARPVAFGAYAPRVAKAAVEGDAAGRRLMAEGAEYLCNGLQALGRRPEEPVYHIGGVAAQYAAYLPADVADYLRGAEGSPLDGALELARRFAREIAQEVV
I7DU71,1.1.3.15,MQTTFSEKQLRDPGTQRANEILRSCVHCGFCTATCPTYQVLGDELDSPRGRIYLIKDMLENERVPDAKTVKHIDRCLSCLACMTTCPSGVHYMHLVDHARAYIDKHYNRPWSDRALRWLLARILPYPGRFRLALIGAKLAQPFKRLVPDARLRAMLDMAPRHIPPVSRNDDPQSFAAKAPRRKRVALMTGCAQKALNTDINDATIRLLTRLGCEVVVAAGAGCCGALTHHMGREEESHATAAKNIRAWTDEIDGQGLDAIVINTSGCGTTVKDYGHMFRNDALAEDAARVSAIAMDISELLMQLDLPEGEDKETTVAYHAACSLQHGQQIKTHPKTLLKRAGFTVVEPADSHLCCGSAGTYNLLQPEISAELKARKVTSLEARQPDLIAAGNIGCMMQIGSATDIPILHTVELLDWATGGPKPRALVAGGPGADPRAGEIPILR
I7F093,1.1.3.15,MTPQSEAELAQIIVGATAPLAVSGGGTRGLSTGGETLSVAGLNGVTLYEPGALTLVVQAGTSVEEVQALLAGENQRLAFEPMDHRGLLGTKGTPTIGGVFAANVSGPRRIQCGAARDFLLGVRFVDGRGDVLSNGGRVMKNVTGYDLVKLMAGSHGTLGVLSEVSLKVLPCSEACATVTVHVADLTSAVAAMSTALGSPYDVTGAAYDPEAGAVYIRVEGFEASVTYRAEALKMALGKFGEVSLALGAGDALWEGIRNVAAFHDRPGDVWRISVKPSDAVALAPALEAEGLLFDWGGGLIWALVPAGRDLRFRLTVPGHATLVRASAQTRAELGQFQPQPGPLAAISGGLRRQFDPRGILNPGLMG
I7EQM9,1.1.3.15,MEMPIPDQTVLSQKTELALRLAAVLPDDALVQDPAETRAYECDALTAYKCPPMLVVLPRTTKEVSDVLRICHAAGVPVVPRGAGTSLAGGALPTADCVILGVARMNAVLETDYDNRIIRVQTGRTNLSVSGAVEEEEFFYAPDPSSQLACAIAGNIAMNSGGAHCLKYGVTTNNLMGVTMVMMDGTVVEIGGAHLDAGGLDLLGVICGSEGQLGVVTEATLRILRKPEGARPVLIGYDSNEVAGACVSDIIKAGVLPVAIEFMDRPCIEACEAFAKAGYPMCEALLIVEVEGSDAEIDHQLRLITEIARSHNPVELREARDSDEAARIWLGRKSAFGAMGQINDYMCLDGTIPVTSLPHVLRRIGEMSKEFGLDVANVFHAGDGNMHPLILFDANKPGDLETCEAFGAEILKLCVEVGGCLTGEHGVGIEKRDLMLDQYGVADIEAQLRVKDVFDPKWLLNPAKVFPLSTTQSRRTPAVTPL
I7ETR9,3.1.2.30,MDPRIRPYRSVLYIPGSKLRALEKARSLPVDAIIFDLEDAVSAEEKVNARQTLEEALRAGGYGARMKIVRINGLDTVWGRADAAAAARMDCDAILLPKVSSPEDLDALAVITGDKPLWAMMETPRGMLNAAAIAAHPLLQGMVMGTNDLAKELQTRFRPDRLPLMAGLGQCLLAAKAKGIIIVDGVYNAFKDAEGLEAECDQGRDMGFDGKTLIHPAQVDVANSAFAPSEDEIDLARRQIAAFDAAEAEGQGVAVVDGKIVENLHVATAREILAKADAIAAVSA
I7EX64,4.1.2.29,MTIATLAEVLQPALRDGYAVAGLVTLGWEDMRAYVAAAEAEGVPVILQAGPSCRVHTPLPILGKMFRHLAEGASVPVVAHLDHGYTAEDCRIAIDSGFTSVMFDGSRNALDDNIAETAAIAGMAHAAGVSCEGEIGFVGYSGGEGSAGTDPEEARRFAQETGVDAMAISVGNVHLQQDKEGGLDIDRIRAIEAITEVPLVIHGGSGVPVAQRRMLARESRICKFNIGTELRMVFGAAMRDAVNSDPDRFDRVSILSETHDPVVAAARSVLRAFKGETQC
I7DYC7,1.1.1.18,MVCGRVDLILRDVESQDTSFATGCKLNLMVWEARMTEIGIGILGGGYMGKAHAVAMAAVGAVFDTALRPRLEMVCATSPVSAERYRKAYGFQRATDDWQVLVNDPKVEAIVIASPQQTHRVVAEAAFALGKPVFCEKPLGASLADSRAMVAAAQSSGCPNMVGFNYIRTPASQYARQLIADGLIGEVTWFRGEHTEDFYADPDAPATWRTEGEANGTMGDLAPHMINGAMALIGPIAELIAEVETVHTDRPGGRVTNDDQGQLMCRFANGAMGQMFFSRIATGRKMGYAYEITGTKGAIRFDQEDQNALWLYLSEGDEATRGFRKILTGPAHPDYLPFCQGPGHGTGYQDQILIEARDFLRAIETQTPVWPTFEDGMAVNQVIAAAMAASEARSWQTVSTF
G8QFB6,5.1.99.1,MSQRPFKVLGIQQIAIGGPSKDKLKTLWVDMLGLEVTGNFVSERENVDEDICAMGKGPFKVEVDLMQPLDPEKKPAVHTTPLNHVGLWIDDLPKAVEWLTANGVRFAPGGIRKGAAGFDICFLHPKGNEESPIGGEGVLIELVQAPAEVVDAFAKLAG
A0A166N099,1.2.1.26,VADAKRYDNYINGEWVSGADYSANINPSELTDTIGDYAKADLAQVHAAIDAARAAFPAWSTSGIQARHDSLDKVGTEILARREELGTLLAREEGKTLPEAIGEVTRAGNIFKFFAGECLRLSGDYLPSVRPGVNVEVTREALGVVGLITPWNFPIAIPAWKIAPALAYGNCVVLKPADLVPGCAWALAEIISRAGFPAGVFNLVMGSGRVVGDALVQSPKVDGISFTGSVGVGRQIAVSCVSRQAKVQLEMGGKNPQIILDDADLKQAVELSVQSAFYSTGQRCTASSRFIVTAGIHDKFVEAMAERMKSIKVGHALKTGTDIGPVVSQAQLEQDLKYIDIGQSEGARLVSGGGLVACDTEGYFLAPTLFADSTAAMRISREEIFGPVANIVRVADYEAALAMANDTEFGLSAGIATTSLKYANHFKRHSQAGMVMVNLPTAGVDYHVPFGGRKGSSYGSREQGRYAQEFYTVVKTSYIGS
A0A166NMU2,6.3.1.11,MNGVVRGKRIERTSLHKVYEKGINLPASLFALDINGSTVESTGLGLDIGDADRICYPIPDTLCNEPWQKRPTAQLLMTMHELEGDPFFADPREVLRQVVAKFDEMGLTICAAFELEFYLIDQENVNGRPQPPRSPISGKRPHSTQVYLIDDLDEYVDCLQDILEGAKEQGIPADAIVKESAPAQFEVNLHHVADPIKACDYAVLLKRLIKNIAYDHEMDTTFMAKPYPGQAGNGLHVHISILDKDGKNIFASEDPEQNAALRHAIGGVLETLPAQMAFLCPNVNSYRRFGAQFYVPNSPCWGLDNRTVAIRVPTGSSDAVRIEHRVAGADANPYLLMASVLAGVHHGLTNKIEPGAPVEGNSYEQNEQSLPNNLRDALRELDDSEVMAKYIDPKYIDIFVACKESELEEFEHSISDLEYNWYLHTV
A0A166MLN9,"1.1.1.46,1.1.1.48",MAEPLSLPPVPEPPKGERLKNKVVLLTGAAQGIGEAIVATFASQQARLVISDIQGEKVEKVAAHWREQGADVVAIKADVSRQQDLHAMARLAIELHGRIDVLVNCAGVNVFRDPLQMTEEDWHRCFAIDLDGAWYGCKAVLPQMIEQGIGSIINIASTHSTHIIPGCFPYPVAKHGLLGLTRALGIEYAPKGIRVNAIAPGYIETQLNVDYWNGFADPHAERQRAFDLHPPRRIGQPIEVAMTAVFLASDEAPFINASCITIDGGRSVMYHD
A0A166Q345,1.1.1.203,MTNTSPFNRLLLTGAAGGLGKVLRERLRPYANVLRLSDIANMAPAIDDREEVVPCDLADKQAVHQLVEGVDAILHFGGVSVERPFEEILGANICGVFHIYEAARRHGVKRVIFASSNHVIGFYKQDKTLDAHSPRRPDSYYGLSKSYGEDMASFYFDRYGIETVSIRIGSSFPEPQNRRMMSTWLSFDDMTQLLERALYTPNVGHTVVYGMSANKSVWWDNRFAAHLGFAPQDTSEVFREKVEAQPMPAEDDPARVYQGGAFVAAGPFGD
A0A161Z7Y9,4.2.1.43,MRLVQFELSHGERRVGVVEDGLVREVRDARSVRDLALAAIEAGVNLEQQVQTLGLGISHDYSALLANLQILPPLDHPDPAHMLVSGTGLTHLGSASARDKMHQQAGDETAMTDTMRIFKWGVEGGKPATGQVGVQPEWFYKGDGSIVVRPGKPFPLPPFAEDAGEEPELSGLYVIGHDGKPYRLGFAVGNEFSDHVMERKNYLYLAHSKLRSCSYGPELRVGELPQHLAGTSRILRDGEVLWQNEFLSGEANMCHSLENLEYHHFKYSQFLRPGDVHIHFFGTATLSFADGIRTQPGDVFEISQAEFGAPLINGIEPVEAAFEPGTVGTL
A0A166R3Y5,3.2.2.3,MQRYAQKLHHLLRSLLLLSLITATSAQAAEKIDLIIDTDPGADDVVALLFALASPDELNIRALTTVAGNVRLDKTSRNARLAREWAGREEVPVYAGAPKPMMRTPIYAENIHGKEGLSGVTVHEPKKGLAEGNAVNYLIDTLKTAKPHSITIAMLGPQTNLALALIQEPEIVQGIKEVVIMGGAHFNGGNITPVAEFNLFADPQAAEVVLKSGVKLTYLPLDVTHKILTSEARLKQIAALNNNASKLVGDILNEYVKGDMEHYGIPGGPVHDATVIAYLLKPELFTGRSVNVVVDSREGPTFGQTIVDWYDGLKAPKNAFWVESGDAQGFFDLLTQRLSRLK
A0A0N9WH75,1.3.8.7,MADYKAPLRDMRFVLNEVFEVAKLWAELPALADTVDAETVEAILEEAGKVTSKSIAPLSRAADEEGCHWSDGAVTTPAGFPQAYQTYAEGGWVGVGGDPSYGGMGMPKAVSAQVEEMVNSASLSFGLYPMLTAGACLSINAHASEELKAAYLPNMYAGVWAGSMCLTEPHAGTDLGIIRTKAEPQADGSYKVSGTKIFITGGEHDLTENIIHLVLAKLPDAPAGPKGISLFLVPKFMVNADGSLGARNPANCGSIEHKMGIQASATCVMNFDEAVGYLVGEPNKGLAAMFTMMNYERLGVGIQGLASGERSYQNAVEYARDRLQSRSPTGAQNKDKVADPIIVHPDVRRMLLTMKASNEGGRAFSTYVAMQLDTAKFSEDATIRKRAEDLVALLTPVAKAFLTDLGLETTIHGQQVFGGHGYIREWGQEQLVRDVRITQIYEGTNGIQALDLVGRKIVGSGGAYYKLFADEIRHFTATASADLAEFTKPLNDAVDTLDELTAWLLDRVKNNPNEIGAASVEYLQVFGYVSYAYMWALMAKAAFGKEAQDDFYASKLGTARFYFARLLPRFHSLSASVKAGSESLFLLDAAQF
A0A0N7GZP8,1.5.3.-,MLNTLLPILLFAALGLAVLGALRRVAMWRRGRASKVDLIGGLLAMPKRYMVDLHHVVARDKYIANTHVATAGGAVASIVLAILVHGFGLHNRFLGYALLLMTAVMFVGAIFVYLRRRNPPARLSKGPWMRLPKSLLAFSASFFLVTLPVAGILPENFGGWLLAAILGVGVLWGVSELFFGMTWGGPMKHAFAGALHLAWHRRAERFGGGRSTGLKPLDLNDPQAPLGVEKPKDFTWNQLLGFDACVQCGKCEAACPAFAAGQPLNPKKLIQDMVVGLAGGTDAKFAGSPYPGKAIGEHAGNPHQPIVNGLVDAETLWSCTTCRACVEECPMMIEHVDAIVDMRRHLTLEKGATPNKGAEVLENLIATDNPGGFAPGGRMNWAADLNLTLLSEKKSTDVLFWVGDGAFDMRNQRTLRAFVKVLKAAKVDFAVLGLEERDSGDVARRLGDEATFQLLAKRNIQTLAKYSFNRIVTCDPHSFHVLKNEYGAFDGNYLVQHHSTYMAEIIDAGALNLGQHKGDSVTYHDPCYLGRYNGEYEAPRQVLRALGIEVKEMQRSGFRSRCCGGGGGAPITDIPGKQRIPDMRMDDIRETGAELVAVGCPQCTAMLEGVVEPRPLIKDIAELVADALLEDAAPSKSPAPTKRQPAEAH
A0A0N9VS13,1.1.1.108,MSFITEIKTFAALGSGVIGSGWVSRALAHGLDVVAWDPAPGAEVALRKRVANAWGALEKQGLAPGASQDRLRFVATIEECVRDADFIQESAPERLELKLELHSKISAAAKPNALIGSSTSGLLPSEFYEGSTHPERCVVGHPFNPVYLLPLVEVVGGKNTAPEAVQAAMKVYESLGMRPLHVRKEVPGFIADRLLEALWREALHLVNDGVATTGEIDDAIRFGAGLRWSFMGTFLTYTLAGGDAGMRHFMAQFGPALQLPWTYLPAPELTDKLIDDVVDGTSDQLGKHSISALERYRDDCLLAVLEAVKTTKAKHGMTFSE
A0A0N9WGA2,3.1.2.-,MPALTTYTTKIIPDWVDYNGHLRDAFYLLIFSYATDALMDQLGMDSNNREASGNSLFTLELHLNYLHEVKLGAEVEVHTQIIGHDRKRLHLYHSLHLVGEEQELAGNEQMLLHVDLAGPRSAPFSESVLNKLRAMSALQSDLPTPAYIGRVIALPPEK
A0A0N9VTA1,2.6.1.19,MTSKNPQTREWQTLSSEHHLAPFSDFKQLKEKGPRIITNAKGVYLWDSEGNKILDGMAGLWCVAIGYGRDELADAASKQMRELPYYNLFFQTAHPPVLELAKAISDIAPEGMNHVFFTGSGSEGNDTMLRMVRHYWAIKGQPNKKVIISRINGYHGSTVAGASLGGMTYMHEQGDLPIPGIVHIPQPYWFGEGGDMTPEEFGIWAANQLEEKILELGVDTVGAFIAEPIQGAGGVIIPPDSYWPRIKEILAKYDILFVADEVICGFGRTGEWFGSDFYGLKPDMMTIAKGLTSGYIPMGGLIVRDEVVEVLNEGGDFNHGFTYSGHPVAAAVALENIRILREEKIIEHVRAETAPYLQKRLRELNDHPLVGEVRGVGLLGAIELVQDKATRARYVGKGVGMICRQFCFDNGLIMRAVGDTMIIAPPLVITKAEIDELVTKARKCLDLTLSALQS
A0A0N9VMN1,6.3.1.11,MSVPPRAVQLNEANAFLKEHPEVLYVDLLIADMNGVVRGKRIERTSLHKVYEKGINLPASLFALDINGSTVESTGLGLDIGDADRICYPIPNTLCNEPWQKRPTAQLLMTMHELEGEPFFADPREVLANVVRKFDDMGLTICAAFELEFYLIDQENVNGRPQPPRSPVSGKRPHSTQVYLIDDLDEYVDCLQDILEGAKEQGIPADAIVKESAPAQFEVNLHHVADPIKACDYAVLLKRLIKNIAYDHEMDTTFMAKPYPGQAGNGLHVHISILDKDGKNIFASEDPEQNAALRHAIGGVLETLPAQMAFLCPNVNSYRRFGAQFYVPNSPCWGLDNRTVAIRVPTGSADAVRIEHRVAGADANPYLLMASVLAGVHHGLTNKIEPGAPVEGNSYEQNEQSLPNNLRDALRELDDSEVMAKYIDPKYIDIFVACKESELEEFEHSISDLEYNWYLHTV
A0A0N9WI11,1.2.1.16,MQLKDTLLFRQQAFIDGAWVDADNGQTINVTNPATGEILGTVPKMGAAETRRAIEAADKALPAWRALTAKERANKLRRWFELIIENQDDLARLMTLEQGKPLAEAKGEIVYAASFIEWFAEEAKRIYGDVIPGHQPDKRLIVIKQPIGVTAAITPWNFPAAMITRKAGPALAAGCTMVLKPASQTPYSAFALAELAQRAGIPKGVLSVVTGSAGDIGSELTSNPIVRKLSFTGSTEIGRQLMAECAKDIKKVSLELGGNAPFIVFDDADLDKAVEGAIISKYRNNGQTCVCANRLYIQDSVYDAFAEKLKVAVAKLKIGNGLEEGTTTGPLIDGKAVAKVQEHIADALSKGATLLAGGKVMEGNFFEPTILTNVPKSAAVAKEETFGPLAPLFRFKDEAEVIAMSNDTEFGLASYFYARDLGRVFRVAEALEYGMVGVNTGLISNEVAPFGGIKASGLGREGSKYGIEDYLEIKYLCLGI
A0A0N9WHL9,3.5.1.68,VDKVLNFKQGRVPLLISMPHAGVRLTPAVEAGLIPEAKSLPDTDWHIPTLYEFAAELGASTLAAEYSRFVIDLNRPSDDKPMYVGATTGLYPATLFDGVPLFREGLEPSAEERASYLEKVWTPYHSTLQQELARLKAEFGYALLFDAHSIRSVIPHLFDGKLPDFNLGTFNGASCDPQLASQLEAICARHTDYSHVLNGRFKGGHITRHYGNPAENIHAVQLELGQCTYMEEVEPFRYRPDLAAPTQVVLKELLQGLLAWGQKHYA
A0A0N9WXT8,2.6.1.57,MHFDAIGRVPGDPILGLMEAYAQDSNPCKFDLGVGVYKDAQGLTPIPQSVKLAELRLVDRQTTKTYIGGHGDPAFGKVINELVLGADSALIAEQRVGATQTPGGTGALRLSADFIAHCLPGRGIWLSNPTWPIHETIYATAGLKVSHYPYVGSDNRLDVEAMLATLNLIPKGDVVLLHACCHNPTGFDLSHDDWRRVLEVVRSRELLPLIDFAYQGFGDGLEQDAWAVRLFAAELPELLITSSCSKNFGLYRDRTGALIVCAKDAEKLVDIRSQLANIARNLWSTPPDHGAAVVATILGDPELKQLWADEVEAMRLRIAQLRSGLVEALEPHGLGERFAHIGVQRGMFSYTGLTPAQVKNLRDHHSVYMVSSGRANVAGIDATRLDLLAQAFADVCK
A0A0N9WN92,"3.2.2.3,3.2.2.7",MYRYAQRLHHLIRSLLLLSLLTATGAHAAEKIDLIIDTDPGADDVVALLFALASPEELNIRALTTVAGNVRLDKTSRNARLAREWAGREDVPVYAGAPKPLMRTPIYAENIHGKEGLSGVTVHEPKKGLAKGDAVSYLIDTLRAAKPHSITIAMLGPQTNLALALIQDPEITQGIKEVVIMGGAHFNGGNITPVAEFNLFADPHAAEVVLKSGVKLTYLPLDVTHKILTSDARLKQIAALNNNASKLVGDILNEYVKGDMEHYGIPGGPVHDATVIAYLLKPELFTGRAVNVVVDSREGPTFGQTVVDWYDGLKAPKNAFWVANGDAQGFFDLLTARLARLK
A0A0N9VSJ9,4.3.1.9,MSSALNIAAVEKGAGQPGANLVRDVSLPALVLHREALEHNIHWMQAFVSHSGAELAPHGKTSMTPSLFRRQLEAGAWGITLATVVQTRAAYAHGVRRVLMANQLVGAPNMALIAELLADPSFDFYCMVDHPDNVADLGVFFAARGLRLNVMIEYGVVGGRCGCRSEAEVLALAEAIKAQPGLALTGIEGYEGVIHGDQAVSGIREFAASLVRLAVQLQDSGAFAISKPIITASGSAWYDLIAESFEAQNAGGRFLSVLRPGSYVAHDHGIYKEAQCCVLDRRSDLHEGLRPALEVWAHVQSLPEPGFAVIALGKRDVAYDAGLPVPLLRYRAGVLPAVGDDVSACTVTAVMDQHAFMTVAPGVQLRVGDIISFGTSHPCLTFDKWRTGCLVDEQLNVIESMETCF
A0A0N9VZU6,3.5.3.6,MQTTNTVLMIRPTRFSFNQDTAANNRFQRPAAAAEDVQLKALQEFDGYVAALREHGVEVMVHNDSEAPHTPDSIFPNNWWSSHPDGTLVLYPMQGHNRRLERDKGVLDWLRDAYRIEQLLDLSDLEQQEVFLEGTGSMVLDREQRICYAGYSTRTHAKALDQVVEHLGYELCAFNAVDRHGVPIYHTNVMMSVGRQLAVVCLESVSDLDERNALRSRLECSGKQVLTLSFDQLESFAGNMLEVHNAAGEPLLVMSRTAWRSLHADQRRMVEAYAKPLPVNIDTIERIGGGSARCMLAEVYLPKRVSPQEQH
A0A0N9WLS4,4.2.1.17,MTAQVSSQATHGIDASANDVLAEVRNHIGHLTLNRPAGLNAITLDMVRSLHRQLDAWSKDPHIHAVVLRGAGEKAFCAGGDIRSLYDSFKSGGTLHEDFFVEEYALDLAIHHYRKPVLALMDGFVLGGGMGLVQGADLRVVTERSRLAMPEVAIGYFPDVGGSYFLPRIPGELGIYLGVSGVQIRAADALYCGLADWYLESQKLAELDQHLDSLEWHDTPLKDLQGLLAKLALQQLPDAPLQALRPTIDHFFALPDVPSIVEQLRTVTVADSHDWAMTTADLLDSRSPLAMGVTLEMLRRGRQLSLENCFALELHLDRQWFERGDLIEGVRALLIDKDKSPRWNPPTVQALDAKHVASFFSGFDQSGS
A0A0N9VZC5,1.3.8.1,MHDIELTEEQVMIRDMARDFARGEIAPHAQAWEKAGWIDDALVAKMGELGLLGMVVPEEWGGTYVDYVAYALAVEEISAGDGATGALMSIHNSVGCGPVLNYGTEEQKQTWLADLASGQAIGCFCLTEPQAGSEAHNLRTRAELRDGQWVINGAKQFVSNGRRAKLAIVFAVTDPDLGKKGLSAFLVPTDTPGFIVDRSEHKMGIRASDTCAVTLNNCTIPEANLLGERGKGLAIALSNLEGGRIGIAAQALGIARAAFEAALAYARDRVQFDKPIIEHQSVANMLADMHTRLNAARLLILHAARLRSAGKPCLSEASQAKLFASEMAEKVCSSAIQIHGGYGYLEDYPVERYYRDARITQIYEGSSEIQRMVIARELKNYLV
A0A0N9WNL1,1.3.8.1,MLPTDEQLQISDAARQFAQERLKPFAAEWDREHRFPKEAIGEMAELGFFGMLVPEQWGGCDTGYLAYAMALEEIAAGDGACSTIMSVHNSVGCVPILKFGNDDQKERFLKPLASGAMLGAFALTEPQAGSDASSLKTRARLNGDHYVLNGCKQFITSGQNAGVVIVFAVTDPSAGKRGISAFIVPTDSPGYKVARVEDKLGQHASDTCQILFEDVQVPVANRLGEEGEGYKIALANLEGGRVGIASQSVGMARAAFEAARDYARERESFGKPIIEHQAVAFRLADMATQIAVARQMVHYAAALRDSGKPALVEASMAKLFASEMAEKVCSTALQTLGGYGYLSDFPLERIYRDVRVCQIYEGTSDIQRMVISRNL
A0A0N9X119,2.3.1.9,MTMSHDPIVIVSAVRTPMGGFQGELKSLSAPQLGAAAIRAAVERAGVAADAVEEVLFGCVLSAGLGQAPARQAALGAGLDKSTRCTTLNKMCGSGMEAAILAHDMLLAGSADVVVAGGMESMSNAPYLLDRARSGYRMGHGKVLDHMFLDGLEDAYDKGRLMGTFAEDCAEANGFTREAQDEFAIASTTRAQQAIKDGSFNAEIVPLQVIVGKEQKLITDDEQPPKAKLDKIASLKPAFRDGGTVTAANSSSISDGAAALLLMRRSEAEKRGLKPLAVIHGHAAFADTPGLFPVAPVGAIKKLLKKTGWSLDEVELFEVNEAFAVVSLVTMTKLEIPHSKVNVHGGACALGHPIGASGARILVTLLSALRQKGLKRGVAAICIGGGEATAMAVECLY
A0A0N9WJH3,3.5.1.94,MALKPLIGVTACVKQIGLHPYHVSGDKYLRAVSVAALGLPVVIPSLGELTEIDELLAHLDGLLLTGSPSNVEPFHYQGPASAPGTDHDPARDSTTLPLLRAAIAAGVPVLGICRGFQEMNVAFGGSLHQKVHELPGMLDHREADHPDLAVQYAPAHAVSVQPGGVFQALELPPVFQVNSIHSQGIDRLAPGLRAEAIAPDGLIEAISVEHSKAFALGVQWHPEWQVLANPPYLSIFQAFGDACRQRAALRNTR
A0A0N9WKE9,4.3.1.9,MSSVIPNAGVEKGAATVGAHLLKDVSLPALVLHRAALEHNIRWMQAFVTDSGAELAPHGKTSMTPALFRRQLDAGAWGLTLATAVQTRAAYAHGVRRVLMANQLVGTPNMALIADLLADPAFEFHCMVDHPDNVADLGAFFASRGMKLNVMIEYGVVGGRCGCRTEAEVLALAEAIRSQPALALTGIEGYEGVIHGDHAISGIRAFAASLVRLAVQLQDDDAFAIDKPIITASGSAWYDLIAESFEAQNAHGRFLSVLRPGSYVAHDHGIYKEAQCCVLERRSDLHEGLRPALEVWAHVQSLPEPGFAVIALGKRDVAYDAGLPVPLKRYTPGSDSVPGDDVSGCKVTAVMDQHAFMSVAAGVELRVGDIIAFGTSHPCLTFDKWRVGCLVDEQLRVVESMETCF
A0A0N9WKN2,"3.2.2.3,3.2.2.7",MHRYAEKMHQLIRSLLLLSLITATSAQAAEKIDLIIDTDPGADDVVALLFALASPEELHIRALTTVAGNVRLDKTSRNARLAREWAGREDVPVYAGAPKPLMRTPIYAENIHGKEGLSGVTVHEPKKGLAEGNAVNYLIDTLKAAKPHSITIAMLGPQTNLALALVQEPDIVQGIKEVVIMGGAHFNGGNITPVAEFNLFADPQAAEVVAKSSVKLTYLPLDVTHKILTSEARLKQIAALNNNASKLVGDILNEYVKGDMEHYGMTGGPVHDATVIAYLLKPQLFTGRSVNVVVDSREGPTFGQTIVDWYDGLKAPKNAFWVENGDAQGFFDLLTERLARLK
A0A0N9W738,3.5.1.68,VEKVLNFKQGRVPLLVSMPHAGLRLTPAVKAGLIPEAQSLPDTDWHIPQLYEFANELGASTLAAEYSRFVVDLNRPSDDKPMYVGATTGLYPATLFDGVPLFREGLEPSAEERATYLQQVWMPYHQALRQELARLKAEFGYALLFDAHSIRSVIPHLFDGKLPDFNLGTFNGASCDPTLASQLEAICARHGQFTHVLNGRFKGGHITRHYGNPAEDIHAVQLELCQSTYMEEFEPFNYRPDLAAPTQVVLRELLEGFLAWGQKTYKH
A0A0N9WQQ6,2.6.1.39,MSKTNADLMARRTAAVPRGVGQIHPIFAESAKNATVTDVEGREFIDFAGGIAVLNTGHVHPKIIAAVTAQLNKLTHTCFQVLAYEPYVEVCEKINAKVPGDFAKKTLLVTTGSEAVENAVKIARAATGRAGVIAFTGAYHGRTMMTLGLTGKVVPYSAGMGLMPGGIFRALYPNELHGVSIDDSIASIERIFKNDAEPRDIAAIIIEPVQGEGGFYVAPKEFMKRLRALCDQHGILLIADEVQTGAGRTGTFFAMEQMGVAADLTTFAKSIAGGFPLAGVCGKAEYMDAIAPGGLGGTYAGSPIACAAALAVMEVFEEEHLLDRCKAVGERLVTGLKAIQKKYPVIGEVRALGAMIAVELFENGDTHKPNAAAVAQVVAKARDKGLILLSCGTYGNVLRVLVPLTSPDEQLDKGLAIIEECFSEL
A0A0N7H1Z1,2.8.3.13,MGALSHLRVLDLSRVLAGPWAGQILADLGADVIKVERPGNGDDTRAWGPPFLKDARGENTTEAAYYLSANRNKQSVTIDFTRPEGQRLVRELAAKSDILIENFKVGGLAAYGLDYDSLKAINPQLIYCSITGFGQTGPYAKRAGYDFMIQGLGGLMSLTGRPEGDEGAGPVKVGVALTDILTGLYSTAAILAALAHRDHVGGGQHIDMALLDVQVACLANQAMNYLTTGNAPKRLGNAHPNIVPYQDFPTADGDFILTVGNDGQFRKFAEVAGQPQWADDPRFATNKVRVANRAVLIPLIRQATVFKTTAEWVTQLEQAGVPCGPINDLAQVFADPQVQARGLAMELPHLLAGKVPQVASPIRLSETPVEYRNAPPLLGEHTLEVLQRVLGLDEAAVMAFREAGVL
A0A0N9W2U4,1.2.1.54,MTTLTRTDWEQRARDLKIEGRAFINGEYTDAVSGETFDCLSPVDGRLLGKIASCDVADAQRAVENARATFNSGVWSRLAPSKRKTTMIRFAGLLKQHAEELALLETLDMGKPISDSLNIDVPGAAQALSWSGEAIDKLYDEVAATPHDQLGLVTREPVGVVGAIVPWNFPLMMACWKLGPALSTGNSVVLKPSEKSPLTAIRIAALAIEAGIPKGVLNVLPGYGHTVGKALALHMDVDTLVFTGSTKIAKQLMIYSGESNMKRIWLEAGGKSPNIVFADAPDLQAAAESAASAIAFNQGEVCTAGSRLLVERSIKDTFLPLVIEALKGWKPGNPLDPATNVGALVDTQQMNTVLSYIEAGHSDGAKLVAGGKRILEETGGTYVEPTIFDGVSNAMKIAQEEIFGPVLSVIAFDTAEQAIEIANDTPYGLAAAVWTKDISKAHLTAKALRAGSVWVNQYDGGDMTAPFGGFKQSGNGRDKSLHAFDKYTELKSTWIKL
A0A0N9WZ72,6.3.1.11,MSVPPRAVQLNEANAFLKEHPEVLYVDLLIADMNGVVRGKRIERTSLHKVYEKGINLPASLFALDINGSTVESTGLGLDIGDADRICYPIPDTLCNEPWQKRPTAQLLMTMHELEGEPFFADPREVLRQVVTKFDELGLTICAAFELEFYLIDQENVNGRPQPPRSPISGKRPHSTQVYLIDDLDEYVDCLQDILEGAKEQGIPADAIVKESAPAQFEVNLHHVADPIKACDYAVLLKRLIKNIAYDHEMDTTFMAKPYPGQAGNGLHVHISILDKDGKNIFASEDPEQNAALRHAIGGVLETLPAQMAFLCPNVNSYRRFGAQFYVPNSPTWGLDNRTVALRVPTGSADAVRLEHRVAGADANPYLLMAAVLAGVHHGLVNKIEPGAPVEGNSYEQNEQSLPNNLRDALRELDDSEVMAKYIDPKYIDIFVACKESELEEFEHSISDLEYNWYLHTV
A0A0N9W325,3.5.1.94,MSRLPLIGVTTCSRQMGLHAYHTSGDKYARAVATAAKGLPVLVPSLADLFPPSDILDALDGILLTGSPSNVEPFHYQGPASAPGTAHDPARDATTLPLIRAAVEAGVPVLGICRGFQEMNVAFGGSLHQKVHEVGTFIDHREDDTQAVEVQYGPAHAVDIQPGGILAGLGLPQSIEVNSIHSQGIERLAPGLRAEAVAPDGLIEAVSVPEGKAFALGVQWHPEWEVSSNPHYLAIFQAFGDACRARATQRDADASNNA
A0A0N9WHY7,2.6.1.19,MTRNNPQTREWQALSNDHHLAPFSDFKQLKEKGPRIITHAKGVYLWDSEGNKILDGMAGLWCVAVGYGREELADAASQQMRELPYYNLFFQTAHPPVLELSKAIADIAPEGMNHVFFTGSGSEGNDTMLRMVRHYWAIKGQPNKKVIISRKNGYHGSTVAGASLGGMTYMHEQGDLPIPGIVHIAQPYWFGEGGDMSPEEFGVWAANQLEEKILEIGVDNVGAFIAEPIQGAGGVIVPPDSYWPRMKEILAKYDILFVADEVICGFGRTGEWFGTDHYGLKPHMMTIAKGLTSGYIPMGGLIVRDDVVAVLNEGGDFNHGFTYSGHPVAAAVALENIRILRDEKIIERVHSETAPYLQKRLRELNDHPLVGEVRGVGLLGAIELVQDKATRKRYEGKGVGMICRQFCFDNGLIMRAVGDTMIIAPPLVISKAEIDELVTKARHCLDLTLSALQG
A0A0N9X9G0,1.1.1.108,MPTLTTYQTRILPEWVDYNGHLRDAFYLLIFSYATDALMDRLGLDSQNREASGHSLFTLELHLNYLHEVKLGAEVQVHTQIIGHDAKRLHLYHSLHLVGGDKELAGNEQMLLHVDLAGPRSAPFTEQTLARLDALLDEQSDLPPPAYIGRVIALPPAR
A0A0N9WIE7,1.3.8.7,MPDYKAPLRDIRFVRDELLGYEAHYQSLPACQDATPDMVDAILEEGAKFCEQVLAPLNRVGDIEGCTWSESGVKTPAGFKEAYKQFVEGGWPSLAHDVEHGGQGLPESLGLAVSEMVGEANWSWGMYPGLSHGAMNTISEHGTPEQQEAYLTKLVSGEWTGTMCLTEPHCGTDLGMLRTKAEPQADGSYKVSGTKIFISAGEHDMADNIVHIVLARLPDAPAGTKGISLFIVPKFLPNADGSIGQRNAVSCGSLEHKMGIHGNATCVMNFDAATGYLIGPANKGLNCMFTFMNTARLGTALQGLAHAEIGFQGGLKYARDRLQMRSLTGPKAPDKAADPIIVHPDVRRMLLTMKAFAEGNRAMVYFTAKQVDIVKYGVDEEEKKKADALLAFMTPIAKAFMTEVGFESANHGVQIYGGHGFIAEWGMEQNVRDSRISMLYEGTTGIQALDLLGRKVLMTQGEALKGFTKIVHKFCQSNEGNEAVKEFVEPLAALNKEWGELTMKVGMAAMKDREEVGAASVDYLMYSGYACLAYFWADMARLAAEKLAAGTTEEAFYTAKLQTARFYFQRILPRTRTHVATMLSGANNLMDMKEEDFALGY
A0A0N9WXM3,1.3.8.7,MADYKAPLRDMRFVLNEVFEVAKLWAQLPVLADTVDAETVEAILEEAGKVTSKSIAPLSRAADEEGCHWANGAVTTPAGFPQAYKTYAEGGWVGVGGDPVYGGMGMPKAVSAQVEEMVNSASLSFGLYPMLTAGACLSINAHASEELKAAYLPNMYAGVWAGSMCLTEPHAGTDLGIIRTKAEPQADGSYKVSGTKIFITGGEHDLTENIIHLVLAKLPDAPAGPKGISLFLVPKFMVNADGSLGARNAANCGSIEHKMGIQASATCVMNFDEAVGYLVGEPNKGLAAMFTMMNYERLGVGIQGLASGERSYQNAVEYARDRLQSRSPTGAQNKDKVADPIIVHPDVRRMLLTMKASNEGGRAFSTYVAMQLDTAKFSEDPVTRKRAEDLVALLTPVAKAFLTDLGLETTVHGQQVFGGHGYIREWGQEQLVRDVRITQIYEGTNGIQALDLVGRKIVGSGGAFYRLFADEIRHFTATASSDLAEFTKPLNDAVGTLDELTDWLLDRAKNNPNEIGAASVEYLQAFGYTAYAYMWALMAKAAFGKENQDDFYASKLGTARFYFARLLPRIHSLSASVKAGSESLFLLEPGQF
A0A0N9WIF6,3.5.1.30,MRVALYQCPPLPLDPAGNLHRLHQVALEARGADVLVLPEMFMTGYNIGVDAVNVLAEVYNGEWAQQIGRIAKAANLAIVYGYPERGEDGQIYNAVQLIDAQGERLANYRKSHLFGDLDHAMFSAGDSALPIVELNGWKLGLLICYDLEFPENARRLALAGAELILVPTANMQPYEFIADVTVRARAIENQCFVAYANYCGHEAELQYCGQSSIAAPNGSRPALAGLDEALIVGELDRQLLDDSRAAYNYLHDRRPELYDDLHKH
A0A0N9WVY4,1.13.12.2,MNKNNRHPADGKKPITIFGPDFPFAFDDWIEHPAGLGSIPAHNHGTEVAIVGAGIAGLVAAYELMKLGLKPVVYEASKMGGRLRSQAFNGAEGVIAELGGMRFPVSSTAFYHYVDKLGLETKPFPNPLTPASGSTVIDLEGQTYYAQKLADLPALFQEVADAWADALEDGSRFGDIQQAIRDRDVPRLKELWNTLVPLWDDRTFYDFVATSKAFAKLSFQHREVFGQVGFGTGGWDSDFPNSMLEIFRVVMTNCDDHQHLVVGGVEQVPHGIWNHVPERCAHWPEGTSLNSLHLGAPRSGVKRIARSADGRFSVTDVWENTREYAAVLVTCQSWLLTTQIECEEALFSQKMWMALDRTRYMQSSKTFVMVDRPFWKDKDPETGRDLMSMTLTDRLTRGTYLFDNGDDKPGVICLSYSWMSDALKMLPHPVEKRVKLALDALKKIYPKVDIAARIIGDPITVSWEADPHFLGAFKGALPGHYRYNQRMYAHFMQDDMPAEQRGIFIAGDDVSWTPAWVEGAVQTSLNAVWGIMKHFGGETHAENPGPGDVFHEIGPIALPE
A0A0N9W5Z8,3.5.2.5,VSADYPRDLIGYGNNPPHPQWPGNARIALSFVLNYEEGGERNVLHGDKESEAFLSEMVAAQPLQGERNMSMESLYEYGSRAGVWRVLKLFKAFDIPLTIFAVAMAAQRHPDVIRAMVAAGHEICSHGYRWIDYQYMDEAQEREHMLEAIRILTEITGERPLGWYTGRTGPNTRRLVMEEGGFLYDSDTYDDDLPYWEPNTPNGKPHLVIPYTLDTNDMRFTQVQGFNKGDDFFQYLKDAFDVLYAEGAEAPKMLSIGLHCRLIGRPARLASLKRFLEYVKGHEHVWFSRRVDIARHWQQAHPYQGASNPGASK
A0A0N9WUD7,3.5.2.17,MGRLTTHVLDAAHGCPGSAIKVELYRVEGSQLQLVASAQTNSDGRCDAPLLQGEDYRSGVYQLQFHAGDYYRARGVQLPEPAFLDVVVLRFGISAEQEHYHVPLLISPYAYSTYRGS
A0A0N9WBN8,3.1.1.25,MKWTAVTEHRAKLGEGPFWDAPTQALYWVDIAGKQALRLIGANVEIWQMPEHVSAFIPTQSGDALVTLSSGVYRLDLDSPGLEPRLTLLCMADPQPGNRANEARCDPQGQLWLGTMQNNIGAEGEDLPIEHRSGGLFRVGSDGRVLPLLRGLGIPNTLLWSPDGTTVYFGDSLDGTVYRHFIYPEGNLAPAEVWFGPHPRGGPDGSAMDARGYIWNARWDGSCLLRLTPDGQVDRVIELPVSRPTSCVFGGEDLKTLYITSAASPLGHPLDGAVLSMRVDVPGVACTRFAG
A0A0N7H2L2,1.1.1.46,MAEPLVLPPVPEPPKGERLKDKVVLLTGAAQGIGEAIVAAFASQQARLVISDIQAQKVEAVAAHWRERGADVHALQADVSKQQDLQAMARRAVELHGRIDVLVNCAGVNVFRDPLEMTEEDWRRCFAIDLDGAWYGCKAVLPQMIEQGVGSIINIASVHSSHIIPGCFPYPVAKHGLLGLTRALGIEYAPKGVRVNAIAPGYIETQLNVDYWNGFADPHAERQRALDLHPPRRVGQPIEVAMTAVFLASDEAPFINASCITIDGGRSVMYHD
A0A0N9WV93,1.4.3.-,MANTPYPESYYAASANPVPPRPALQDDVETDVCVIGAGYTGLSSALFLLENGFKVTVLEAAKVGFGASGRNGGQIVNSYSRDIDVIERSVGPQQAQLLGNMAFEGGRIIRERVAKYQIQCDLKDGGVFAALTAKQMGHLESQKRLWERFGHTQLELLDQRRIREVVACEEYVGGMLDMSGGHIHPLNLALGEAAAVESLGGVIYEQSPAVRIERGASPVVHTPQGKVRAKFIIVAGNAYLGNLVPELAAKSMPCGTQVIATEPLGDELAHSLLPQDYCVEDCNYLLDYYRLTGDKRLIFGGGVVYGARDPANIEAIIRPKMLKAFPQLKDVKIDYAWTGNFLLTLSRLPQVGRLGDNIYYSQGCSGHGVTYTHLAGKVLAEALRGQAERFDAFADLPHYPFPGGQLLRTPFAAMGAWYYGLRDKLGF
A0A0N9WCD3,2.3.1.9,MQEVVIVAATRTAIGSFQGSLAAIPAPELGAAVIRRLLEQTGLSGEQVDEVILGQVLTAGSGQNPARQASILAGLPHAVPALTLNKVCGSGLKALHLGAQAIRCGDAEVIIAGGMENMSLAPYVLPAARTGLRMGHAKMIDSMITDGLWDAFNDYHMGITAENLVDKYGISREEQDAFAAASQQKAVAAIEGGRFADEITPILIPQRKGDPVAFATDEQPRAGTTAESLGKLKPAFKKDGSVTAGNASSLNDGAAAVILMSAEKAKALGLPVLAKISAYANAGVDPAIMGIGPVSATRRCLDKAGWSLEQLDLIEANEAFAAQSLAVARELKWDMDKVNVNGGAIALGHPIGASGCRVLVSLLHEMIKRDAKKGLATLCIGGGQGVALALERA
A0A0N9X3S4,1.2.1.18,MSDAPVVGHYIDGRIQASDNARLSNVFNPATGAVQARVALAEPSTVDAAVASALAAFPAWSEQSSLRRSRVMFKFKELLDRHHDELAQIISREHGKVLSDAHGEVTRGIEIVEYACGAPNLLKTDFSDNIGGGIDNWNLRQPLGVCAGVTPFNFPVMVPLWMIPLALVAGNCFILKPSERDPSASLLMARLLTEAGLPDGVFNVVQGDKVAVDALLQHPDIEAISFVGSTPIAEYIHQQGTAQGKRVQALGGAKNHMIVMPDADLDQAADALIGAAYGSAGERCMAISIAVAVGDVGDELIAKLLPRIDQLKIGNGQQPGTDMGPLVTAEHKAKVEGFIDAGVAEGARLIVDGRGFKVPGAEQGFFVGATLFDQVTAEMSIYQQEIFGPVLGIVRVPDFATAVALINAHEFGNGVSCFTRDGGIARAFARSIKVGMVGINVPIPVPMAWHSFGGWKRSLFGDHHAYGEEGLRFYSRYKSVMQRWPDSIAKGPEFSMPTAQ
A0A0N9WWL3,4.2.1.25,MSDKKPSLRSAQWFGTADKNGFMYRSWMKNQGIADHQFHGKPIIGICNTWSELTPCNAHFRQIAEHVKRGVIEAGGFPVEFPVFSNGESNLRPTAMLTRNLASMDVEEAIRGNPIDGVVLLTGCDKTTPALLMGAASCDVPAIVVTGGPMLNGKHKGQDIGSGTVVWQLSEQVKAGTITIDDFLAAEGGMSRSAGTCNTMGTASTMACMAEALGTSLPHNAAIPAVDARRYVLAHMSGMRAVEMVREDLKLSKILTKEAFENAIRVNAAIGGSTNAVIHLKAIAGRIGVQLDLDDWTRIGRGMPTIVDLQPSGRFLMEEFYYAGGLPAVLRRLGEANLIPNPNALTVNGKSLGENTKDAPIYGQDEVIRTLDNPIRADGGICVLRGNLAPLGAVLKPSAATAELMQHRGRAVVFENFDEYKARINDPELDVDANSILVMKNCGPKGYPGMAEVGNMGLPAKLLAQGVTDMVRISDARMSGTAYGTVVLHVAPEAAAGGPLAAVKEGDWIELDCASGRLHLDIPDAELAARLADLAPPQQLLVGGYRQLYIDHVLQADQGCDFDFLVGCRGAEVPRHSH
A0A0N9WN17,4.2.1.43,MRLVQFELSNGERRVGVVDGDQVREVQGAGSVRELALAAIEAGVKLEQQVDSLGLGTGHDYARLLGELRILPPLDHPDPAHLLVSGTGLTHLGSASARDKMHQQAGDEATMTDTMRIFKWGVEGGKPQAGQTGVQPEWFYKGDGSIVVRPGHPFPLPPFAEDAGEEPEISGLYVIGHDGKPYRLGFAVGNEFSDHVMERKNYLYLAHSKLRSCSFGPELRVGELPQHLSGTSRILRNGEVLWQNEFLSGEANMCHSLENLEFHHFKYSQFLRPGDVHVHFFGTATLSFADGIRTQPGDVFEISQAEFGAPLVNGIAPVDAVFNPGTIGTL
A0A0N7H357,3.2.1.B3,MTLSLNSLSNPMPASLEHAQQALRDGLSRLIHDYRPDYHLAPPTGWMNDPNGVVFFRGEYHVFYQHHPFDAKWGPMYWGHAKSADLVHWQHLPIALAPGDDFDRDGCFSGSAVVCGDTLALIYTGHTWLGEVGDERLIRQVQCLATSVDGVRFVKHGAVIEDAPQAAIMHFRDPKVWQEDGYWYLIAGARLGDTPLLPLYRSTDLRAWEFLDYVSRGTDGDGYMWECPDLFRLDGRDVLLYSPQGMQPAGYERLNKYQTGYRIGHLDSEWHFSGGPFIELDNGHDFYAAQTLVAADGRRLVWAWLDMWESPMPSQAHHWCGMLGLPRELELQGDRLGVFPARELVALRQAPLPSIAPWGESGSRWVPQVSGDRLEIHVHLDLLDCTEGHLGIALRCSADEQEQTLLYYDASLRRLVLDRSRSGAQVSGQRSVPIEPAQTQLHLRVFLDRSSIEVFEQSGRFSLSSRLYPRPDSLGVKLLASGTGGHVAISNAWPLASGWL
A0A159ZWN4,1.3.8.1,MLATEEQTQIRDMARQFAEERLKPFAAEWDREHRFPREAIDEMAELGFFGMLVPEQWGGCDTGYLAYAMTLEEIAAGDGACSTIMSVHNSVGCVPILKFGNDEQKAKFLTPLASGAMLGAFALTEPQAGSDASSLKTRARLEGDHYVLNGCKQFITSGQNAGVVIVFAVTDPSAGKRGISAFIVPTDSPGYSVARVEDKLGQHASDTCQILFEDLKVPVGNRLGEEGEGYKIALANLEGGRVGIAAQAVGMARAAFEAARDYARERSSFGKPIIEHQAVAFRLADMATQIAVARQMVHYAAALRDSGQPALVEASMAKLFASEMAEKVCSMALQTLGGYGYLNDFPLERIYRDVRVCQIYEGTSDIQRMVISRNL
A0A159ZWW4,4.3.1.9,MSSVIPNAGVEKGAATVGAHLLKDVSLPALVLHRAALEHNIRWMQAFVTDSGAELAPHGKTSMTPALFRRQLDAGAWGLTLASAVQTRAAYAHGVRRVLMANQLVGTPNMALIADLLADPAFEFHCMVDHPDNVADLGAFFASRGMKLNVMIEYGVVGGRCGCRTEAEVLALAEAIQAQPALALTGIEGYEGVIHGDHAISGIRAFAASLVRLAVQLQDNGAFAIDKPIITASGSAWYDLIAESFEAQNAHGRFLSVLRPGSYVAHDHGIYKEAQCCVLERRSDLHEGLRPALEVWAHVQSLPEPGFAVIALGKRDVAYDAGLPVPLKRYTPGSDSVTGDDVSGCKVTAVMDQHAFMNVAAGVELRVGDIISFGTSHPCLTFDKWRVGCLVDEQLRVVESMETCF
A0A159ZXT3,2.6.1.57,MHFDAIGRVPGDPILGLMEAYGADANPSKFDLGVGVYKDAQGLTPILQSVKQAEQRLVDRQTTKTYIGGHGDAAFGQLINELVLGADSPLISAKRAGATQTPGGTGALRLSADFIAQCLPGRGVWLSNPTWPIHETIFAAAGVKVGHYPYVGADNRLDFEAMLATLNQAPKGDVVLLHACCHNPTGFDLSHEQWRQVLEVVRDRDLLPLIDFAYQGFGDGLEQDAWAVRLFAQALPEVLVTSSCSKNFGLYRDRTGALIVCARDAEKLVDIRSQLANIARNLWSTPPDHGAAVVATILGNPELKSLWADEVQAMRLRIAQLRSGLLEALEPHGLRERFAHIGVQRGMFSYTGLTPEQVKHLRERHSVYMVGTGRANVAGIDATRLDLLAEAIADACK
A0A159ZZQ3,1.2.1.54,MTTLTRADWEQRARDLKIEGRAFINGEYTDAVSGETFDCLSPVDGRLLGKIASCDVADAQRAVENARATFSSGVWSRLAPSKRKATMIRFAGLLKQHAEELALLETLDMGKPISDSLNIDVPGAAQALSWSGEAIDKLYDEVAATPHDQLGLVTREPVGVVGAIVPWNFPLMMACWKLGPALSTGNSVVLKPSEKSPLTALRIAALAIEAGIPKGVLNVLPGYGHTVGKALALHMDVDTLVFTGSTKIAKQLMIYSGESNMKRIWLEAGGKSPNIVFADAPDLQAAAESAASAIAFNQGEVCTAGSRLLVERSIKDTFLPLVIEALKGWKPGNPLDPATNVGALVDTQQMNTVLSYIEAGHSDGAKLVAGGKRILEETGGTYVEPTIFDGVSNAMKIAQEEIFGPVLSVIAFDTAEQAIEIANDTPYGLAAAVWTKDISKAHLTAKALRAGSVWVNQYDGGDMTAPFGGFKQSGNGRDKSLHAFDKYTELKSTWIKL
A0A161H3M9,6.3.1.11,VVRGKRIERTSLHKVYEKGINLPASLFALDINGSTVESTGLGLDIGDADRICYPIPDTLCNEPWQKRPTAQLLMTMHELEGEPFFADPREVLRQVVTKFDELGLTICAAFELEFYLIDQENVNGRPQPPRSPISGKRPHSTQVYLIDDLDEYVDCLQDILEGAKEQGIPADAIVKESAPAQFEVNLHHVADPIKACDYAVLLKRLIKNIAYDHEMDTTFMAKPYPGQAGNGLHVHISILDKDGKNIFASEDPEQNAALRHAIGGVLETLPAQMAFLCPNVNSYRRFGAQFYVPNSPTWGLDNRTVALRVPTGSADAVRLEHRVAGADANPYLLMASVLAGVHHGLVNKIEPGAPVEGNSYEQNEQSLPNNLRDALRELDDSEVMAKYIDPKYIDIFVACKESELEEFEHSISDLEYNWYLHTV
A0A159ZZY6,2.6.1.19,MTRNNPQTREWQALSNDHHLAPFSDFKQLKEKGPRIITHAKGVYLWDSEGNKILDGMAGLWCVAVGYGREELADAASQQMRELPYYNLFFQTAHPPVLELSKAIADIAPEGMNHVFFTGSGSEGNDTMLRMVRHYWAIKGQPNKKVIISRKNGYHGSTVAGASLGGMTYMHEQGDLPIPGIVHIAQPYWFGEGGDMSPEEFGVWAANQLEEKILELGVDNVGAFIAEPIQGAGGVIVPPDSYWPRMKEILAKYDILFVADEVICGFGRTGEWFGTDHYELKPHMMTIAKGLTSGYIPMGGLIVRDDVVAVLNEGGDFNHGFTYSGHPVAAAVALENIRILRDEKIIERVHSETAPYLQKRLRELNDHPLVGEVRGVGLLGAIELVQDKATRKRYEGKGVGMICRQFCFDNGLIMRAVGDTMIIAPPLVISKAEIDELVAKARQCLDLTLSALQG
A0A160A4C1,1.1.1.108,MPTLTTYQTRILPEWVDYNGHLRDAFYLLIFSYATDALMDRLGMDSQNREASGHSLFTLELHLNYLHEVKLDAQVEVHTHIIGHDAKRLHLYHSLHLVGGDKELAGNEQMLLHVDLAGPRSAPFTEQTLDRLSALLDEQSDLPPPLYIGRIIALPLPR
A0A160A2B4,1.1.1.108,MSFITDIKTFAALGSGVIGSGWISRALAHGLDVIAWDPAPGAEAALRKRVANAWGALEKQGLAPGASQDRLRFVATIEECVRDADFIQESAPERLELKLELHGQISAAAKPNALIGSSTSGLLPSEFYEGATHPERCVVGHPFNPVYLLPLVEVVGGKNTAPEAVQAAMQVYESLGMRPLHVRKEVPGFIADRLLEALWREALHLVNDGVATTGEIDDAIRFGAGLRWSFMGTFLTYTLAGGDAGMRHFMAQFGPALQLPWTYLPAPELTEKLIDDVVDGTSAQLGSHSISALERYRDDCLLAVLEAVKATKAKHGMAFSE
A0A160A201,2.3.1.-,MNHDVIITCALTGAGDTTAKSPHVPVTPKQIADAAIEAAKAGATVVHCHVRDPQTGKFSRDVALYREVMERIREADVDIIVNLTAGMGGDLEIGAGEQPMEFGPNTDLVGPLTRLAHVEELLPEICTLDCGTLNFGDGDTIYVSTPAQLRAGAKRITELGVKAELEIFDTGHLWFAKQLIKEGLLDNPLFQLCLGIPWGAPADTTTMKAMVDNLPADAVWAGFGIGRMQMPMAAQAVLLGGNVRVGLEDNLWLDKGVLATNGQLVERAGEILSRLGARVLTPAEGRKKMGLTQRG
A0A159ZT15,1.2.1.18,MSDAPVVGHYLNGHVQDHDSTRFSNVFNPATGAVQARVALAEPGTVDAAVASALAAFPAWSEQSSLRRSRVMFKFKELLDRHHDELAQIISREHGKVLSDAHGEVTRGIEIVEYACGAPNLLKTDFSDNIGGGIDNWNLRQPLGVCAGVTPFNFPVMVPLWMIPLALVAGNCFILKPSERDPSASLLMARLLTEAGLPDGVFNVVQGDKVAVDALLQHPDIEAISFVGSTPIAEYIHQQGTAHGKRVQALGGAKNHMIVMPDADLDQAADALIGAAYGSAGERCMAISIAVAVGDVGDELIAKLLPRIDQLKIGNGQQPGTDMGPLVTAEHKAKVEGFIDAGVAEGARLIVDGRSFKVPGAEQGFFVGATLFDQVTAEMSIYQQEIFGPVLGIVRVPDFATAVALINAHEFGNGVSCFTRDGGIARAFARSIKVGMVGINVPIPVPMAWHSFGGWKRSLFGDHHAYGEEGLRFYSRYKSVMQRWPDSIAKGPEFSMPTAQ
A0A165ZSW6,"1.1.1.46,1.1.1.48",MAEPLSLPPVPEPPKGERLKNKVVLLTGAAQGIGEAIVAAFASQQARLVISDIQAEKVETVAAHWRERGADVHALKADVSNQQDLHAMARHAVERHGRIDVLVNCAGVNVFRDPLEMTEEDWRRCFAIDLDGAWYGCKAVLPQMIEQGVGSIINIASTHSSHIIPGCFPYPVAKHGLLGLTRALGIEYAPKGVRVNAIAPGYIETQLNVDYWNGFADPYAERQRALDLHPPRRIGQPIEVAMTAVFLASDEAPFINASCITIDGGRSVMYHD
A0A159ZTV2,4.2.1.43,MRLVQFELPNGERRVGVVDGDQVREVQGAASVRDLALAAIEAGVKLEEQVNSLGLGAGHDYARLLSELRILPPLDHPDPAHLLVSGTGLTHLGSASARDKMHQQAGDESAMTDTMRIFKWGVEGGKPQAGQAGVQPEWFYKGDGSIVVRPGHPFPLPPFAEDAGEEPEISGLYVIGHDGKPYRLGFAVGNEFSDHVMERKNYLYLAHSKLRSCSFGPELRVGELPQHLSGTSRILRNGEVLWQNEFLSGEANMCHSLENLEFHHFKYSQFLRPGDVHVHFFGTATLSFADGIRTQPGDVFEISQAEFGAPLVNGIAPVDAVFNPGTIGTL
A0A165YII0,1.4.3.-,VIGAGYTGLSSALFLLENGFKVTVLEAAKVGFGASGRNGGQIVNSYSRDIDVIERSVGPQQAQLLGNMAFEGGRIIRERVAKYQIQCDLKDGGVFAALTAKQMGHLESQKRLWERFGHTQLELLDQRRIREVVACEEYVGGMLDMSGGHIHPLNLALGEAAAVESLGGVIYEQSPAVRIERGASPVVHTPQGKVRAKFIIVAGNAYLGNLVPELAAKSMPCGTQVIATEPLGDELAHSLLPQDYCVEDCNYLLDYYRLTGDKRLIFGGGVVYGARDPANIEAIIRPKMLKAFPQLKDVKIDYAWTGNFLLTLSRLPQVGRLGDNIYYSQGCSGHGVTYTHLAGKVLAEALRGQAERFDAFADLPHYPFPGGQLLRTPFAAMGAWYYGLRDKLGF
L0GFY2,2.8.3.8,MAWTREQMAQRAAQELQDGFYVNLGIGLPTLVANYIPEGMDVWLQSENGLLGIGPFPTEEEIDPDLINAGKQTVTALPGSSFFDNAQSFAMIRGGHINLAILGAMQVSEKGDLANWMIPGKMVKGMGGAMDLVAGVKRVVVLMEHTAKGGAHKILPACDLPLTGLGVVDRIITDLGVLDVTEQGLKLVELAEGVSFDELQEATGSPIQR
L0GK00,2.8.3.8,MNKIYPSAAHALEGLVEDGMTIAVGGFGLCGIPEQLIAALRDSGKKDLTAISNNAGVDGFGLGLLLETRQISKMVSSYVGENKEFERQYLAGELALEFTPQGTLAEKLRAGGAGIPAFYTKTGYGTLVAEGKETRQFNGEWYVMEESLTADLALVKAWKADKAGNLLFRKTARNFNPLAAMAGEVCVVEVEEIVETGELDPDQIHLPGIYVHRIVHNPNPEKRIEKRTVRS
L0GIY0,2.7.1.-,MTLDPQALLRQLFDSAIEAAHPRHVLADHLPEDRSGRAIVIGAGKAAAAMAEAIEKVWEGELSGLVVTRYEHHADCKRIEVVEAAHPVPDDAGERVARRVLELVSNLEESDRVIFLLSGGGSSLLALPAEGISLADKQAINKALLRSGAHIGEMNCVRKHLSAIKGGRLAKACWPASVYTYAISDVPGDEATVIASGPTVADPTTSEQALEILERYHIEVPANVRAWLEDPRSETLKPGDPMLSRSHFRLIATPQQSLDAAAEVARAAGITPLILGDLEGEAREVAKVHAGIARQVVLHGQPIAAPCVILSGGETTVTVRGNGRGGRNAEFLLALTENLQGLPNVYALAGDTDGIDGSEDNAGALMMPDSYARAETLGLRAADALANNDGYGYFAALDDLIVTGPTRTNVNDFRAILILPPSA
L0GMF3,1.3.8.1,MHDLELSEDQRMIRDMARDFARREIAPHAQAWEKAGWIDDTLVAQMGELGLLGMVVPEEWGGSYIDYVAYALAVEEISAGDGATGALMSIHNSVGCGPVLNYGSQAQKDEWLTELASGRAIGCFALTEPQAGSEAHNLRTRAELVDGHWVLNGSKQFCSNAKRSKLAIVFAVTDPELGKKGLSAFLVPTDTPGFAVERSEHKMGIRASDTCGVSLSDCRIPEANLLGERGKGLAIALSNLEGGRIGIGAQALGIARAAFEAALLYARERVQFGKPIAEHQSIANMLADMQTQLNAARLLILHAARLKSAGLPCLSEASQAKLFASEMAEKVCSQAVQIHGGYGYLEDYPVERYYRDARITQIYEGSSEIQRLLIARELANYAL
L0GMG4,1.3.8.1,MLPNEDQNAIAEMARQFAQERLKPFAEQWSREHRYPAEAIGEMAALGFFGMLVPEQWGGSDTGYLAYAMALEEIAAGDGACSTIMSVHNSVGCVPILRFGNEQQKSDFLTPLARGEQIGAFALTEPQAGSDASSLRTRARRDGDHYVLNGAKQFITSGKHAGTVIVFAVTDPDAGKGGISAFIVPTDSPGYQVVRVEDKLGQHASDTCQIAFEDLRVPVANRLGEEGEGYRIALANLEGGRIGIAAQAVGMARAAFEAARDYARDRETFGKPIIEHQAVAFRLADMATQIAVARQMVHHAAALREVGRPALVEASMAKLFASEMAEKVCSAAIQTLGGYGYLADFPVERIYRDVRVCQIYEGTSDIQRLVISRNLGGPV
L0GPV2,3.7.1.2,MKLATLNQGRDGVLVVVSRDLAQAVKVPQIAATLQAALDDWNYCKPKLEAVYQRLNDGLEEGAFAFDQTACHSPLPRAYHWADGSAYVNHVELVRKARGAEMPESFWHDPLMYQGGADAFIPPHSPIRLADEAWGIDLEGELAVITDDVPMGATPAEAASHIQLLMLVNDVSLRNLIPGELAKGFGFYQSKPSSSFSPVAVTPDELGETWRDGKVHRPLVSHINGELFGQPDAGTDMTFNFPTLVAHAARTRPLGAGTIIGSGTVSNYDRSAGSSCLAEKRMLEVVEHGEAKTPFLKFGDRVRIEMFDAAGQSIFGAIDQQVERYGH
L0GPV5,1.2.7.7,MSLAEIRLDDKYRLATGHLYLTGTQALTRLPMLQHQRDQARGLNTGGFISGYRGSPLGGLDKSLWEARDYLKQHAIHFQPGVNEELAATAVWGSQQTNLFPGAKYDGVFAMWYGKGPGVDRAGDVFKHANAAGVSPQGGVLLLAGDDHGCKSSTLPHQSEHAFIAASIPVLNPANVQEILDYGIIGWELSRYSGCWVALKTIAENVDSSAVVEVDPLRVQTRIPEDFELPEDGVHIRWPDPPLAQEKRLNLYKIYAARAFARANNLNRVMLDSPNPRLGIITTGKSYLDVRQALDDLGLDEALCASVGLRVLKVGMSWPLEPVSVHEFAQGLDEILVVEEKRSIIEDQLTGQLYNWPVSKRPRVVGEFDEQGNSLLPNLSELTPAMIARVIAKRLAPIYTSDSIQARLAFLAAKEKALAARSYSTVRTPHYCSGCPHNSSTKVPEGSRASAGIGCHYMVQWMDRRTETFTQMGGEGVNWIGQAPFTDTPHMFQNLGDGTYFHSGSLAVRAAVAAGVNVTYKILYNDAVAMTGGQPIDGELRVDQLSRQIFHEGVKRIALVSDEPDKYPSRDTFAPITSFHHRRELDAVQRELREFKGVSVIIYDQTCATEKRRRRKRGKMEDPAKRAFINPAVCEGCGDCGEKSNCLAVLPLETELGRKREIDQNACNKDFSCVEGFCPSFVTVHGGGLRKPEAVAGGIEAATLPEPQHPTLDRPWNVLIPGVGGSGVTTLGALLGMAAHLEGKGCTVLDQAGLAQKFGPVTTHVRIAAKQSDIYAVRIAAGEADLLLGCDLIVAAGDESLTRLNEQISNAVVNSHESATAEFTRNPDAQVPGAAMRQAISDAVGADKTHFVDATRLATRLLGDSIATNLFLLGFAYQQGLLPISAEAIEKAIELNGVSAKLNLQAFRWGRRAVLEREAVEQLARPVDMVEPICKTLEEIVDWRVDFLTRYQSAGLARRYRQLVERVRDADSADDLALSKAVARYYFKLLAYKDEYEVARLYSEPEFRQQLEAQFEGDYKLQFHLAPAWLAKRDPVTGEPRKRELGPWVLNLFGVLAKFRFLRGTPLDPFGYGHDRRVERQLISEYEKTVDELLAQLKPTNYRTAVAIAALPEQIRGYGPVKERSIAKARQQEKLLREQLAKGDEVQSVRLFQPAA
L0GSM3,1.1.3.15,MQTNLSEAAKKLPRAEEAESILRSCVHCGFCNATCPTYQLLGDELDGPRGRIYLMKQMFEGGEVTESTQLHLDRCLTCRNCETTCPSGVKYHNLLDIGRDFIEQQVQRPLGERVVRGGLRTVIPRPGLFKALLGAGNALKPLMPASLKDHLPREIRPAKPRPQVMHSRRVLILEGCVQPSLSPSTNAAAARVLDRLGISVSPAREAGCCGAVDYHLNAQDAGLDRARRNIDAWWPAIEAGAEAIVQTASGCGAFVKEYGHLLKDDPAYAAKAARVSELAKDLVEVLRSAELEKLNVRADKRMAFHCPCTLQHAQKLGGAVEDVLTRLGYQLTAVPDAHLCCGSAGSYSITQPEISHQLRDNKLNALESGKPEVIVTANIGCQTHLDGAGRTPVKHWIEVVEESMQ
L0GSF4,1.1.3.15,MSVIANDASAQLLDQVNQALAANTPLRIQGSGSKSFLGLQADGVLLDTREHRGIVSYDPTELVVTVRAGTPLTELETALDEAGQMLPCEPPHFGEGATVGGMIAAGLSGPRRPWSGSVRDFVLGSRVITGQGKHLRFGGEVMKNVAGYDLSRLMAGSFGCLGVLTEVSLKVLPKPRLCTSLRLEIDLERALLKLAEWGQQPIPISAASHDGQALHLRLEGGEGSVGAARERIGGEDLDPGYWNDLREQRLAFFADPRPLWRLSLPNNTPALGLPGDQLVDWAGAQRWLKSDADAVTIRGIAIEVGGHATCFTAGATTNPFQPLAAPLLRYHRQLKAALDPQGIFNPGRMYSEV
L0GQM8,1.1.3.15,MNILYDERVDGALPKVDKAALLAELQAQLPDLDILHRSEDLKPYECDGLSAYRTTPLLVVLPERIEQVETLLKLCHQRGVPVVARGAGTGLSGGALPLEQGILLVMARFNKILEVDPAGRFARVQPGVRNLAISQAAAPYELYYAPDPSSQIACSIGGNVAENAGGVHCLKYGLTVHNLLKVDILTVEGERMTLGSDALDSPGFDLLALFTGSEGMLGIVTEVTVKLLPKPQVAKVLLAAFDSVEKAGRAVGDIIAAGIIPGGLEMMDNLSIRAAEDFIHAGYPVDAEAILLCELDGVEADVHDDCARVSEVLKLAGATEVRLAKDEAERVRFWAGRKNAFPAVGRISPDYYCMDGTIPRRELPGVLKGISDLSEQFGLRVANVFHAGDGNMHPLILFDANQPGELERAEDLGGKILELCVKVGGSITGEHGVGREKINQMCSQFNADELTLFHAVKAAFDPSGLLNPGKNIPTLHRCAEFGRMHIHNGQLPFPELERF
L0GI16,1.3.8.7,MADYQAPLRDMRFVLNEVFDAPKLWQALPALAEVVDAETADAILEEAGKITANSIAPLNRSGDEEGCRWDAGAVSTPAGYREAYQLYAKGGWVGVGGDPAFGGMGMPKVISAQVEEMMNSASLAFGLYPMLTSGACLSIYAHASEELKQKYLPNMYAGVWSGSMCLTEPHAGTDLGIIRTKAEPQADGSYKVSGTKIFITGGEHDLTENIIHLVLAKLPDAPAGSRGISLFLVPKVMVNEDGSLGERNSLSCGSIEHKMGIQASATCVMNFDGAVGWMVGEPNKGLAAMFTMMNYERLGVGIQGLATGERSYQSAIEYARDRIQSRAPTGPVAQDKAADPIIVHPDVRRMLLTMKALNEGGRAFSSYVALQLDIAKFSDDDEARQRAEAQVALLTPVAKAFLTDMGLETTVHGQQVFGGHGFIREWGQEQLVRDCRITQIYEGTNGIQALDLVGRKIVGSGGTMYQAFVDEIRAFIADAGPELTEFAEPLKAAMDNLDELTAWVIDQAKANPNEIGAASVEYLHVFGYTAYAYMWARMAAVAVAKREEGDFYQSKLGTARFYFARLLPRIHSLSASVKAGSESLYLLDAAQF
L0GHV7,2.6.1.57,MHFGQIPRVPGDPILGLMDLYRADPNPAKLDLGVGVYKDAQGLTPIPRAVKLAEQRLVDGEQSKSYIGGHGDAQFGALLLRQALGSRAIALGEQRAGCTQAPGGTGALRLAGEFIAKCLPGRSIWLSDPTWPIHETLFAAAGLRVQHYPYVGADNRLDVEGMLAALQQVPPGDVVLLHACCHNPTGFDLNHDDWLRVLEVVRARELLPLFDFAYQGFGDGLEEDAWAVRLFAETLPEMLITTSCSKNFGLYRERTGALIAVTSDAERLLDVRSQLASLARNLWSTPPAHGAAVVATILADEPLRQIWQGEVERMRRRIASLRQGLVEALMPYGLAERFAHIAQQRGMFSYTGLTAEQVRRLRAEDSVYLVESGRANVAGLDAERLDALAKAIARVVSN
A3QBY9,2.7.1.59,MGFNQTEEQALVIGIDGGGSKCRATIYAADDSVLGTGVAGRANPLYGLTHTFDSISRATELALQDAGLKAGDGKTMVAGVGLAGVNVAHLYQAIKAWQHPFAEMYVTTDLHTACIGAHKGGDGAVIITGTGSCGYAHVGEQSLSLGGHGFALGDKGSGAWLGLQAAQQVLLDLDGFGPATQLTERLLEHFKVNDAMGIVEHLAGKSSGCYATLARTVLSCAQAQDEVAKAIVVEGAEYISALAHKLFEIHPPRFSMIGGLAEPLAPWLDKRVVDKISPILAPPELGAAYFARQQLGFSS
A1S312,5.3.1.7,MKFYNRDFLLSHSQSILDFYDPRVLDASGGYFHNYYDDGSLFEPGFRQLVSSCRITVNYARAADILDKPEYLAHARHGLNYLLNVHLQADERFAWTLKSHRPEDMTQQAYGYAFALLAFAACRKSGILKDNNKLLWIYNLLEQRFWQPEYGLYADEIGADGVLSDYRGQNANMHLCEAMIAAFEASGEGRFLDRAMEIADKIANRQAALTGGIIWEHFTPGFAINWEYNKDDPKNLYRPWGFQGGHQTEWAKLLLSLARHSHQPWLISRAKTLFDTAFEKSWDKEHGGMVYGFGPNGDWCDDDKYFWVQAESFAAAAMLYQQTGEQKYLDAYNALWNYAWQHFVDHEHGAWFRVLYRDNRKYSNEKSTAGAKCDYHTLGACFDSLRDLT
A1S3P5,3.5.1.94,MPLQQESARQERKPVILMSMGQQDRNGHAYQVMTHKYMQPVVDISDCIPLLIPTCFGVADIEQYLDMADGVYLSGAASNIDPSLYGQENLTPEKKQDLARDLVDIALIKGAVKRGLPILGICRGMQEMNIAFGGDLYQKVHDEDHLNDHREDPDTPPDVQYGASHSISMVKGSWLHKLLGDTIEVNSLHGQGIKTLGKGLEALALAEDGLVEALHAPYLPQFTLGVQWHPEWKALENPDSIKIFKAFGEACRRRAGSALDLRIDKAS
A1S445,2.7.1.59,MAFDQTLEGQLYLGIDGGGSKCRATLYNNKLDVLGTGVAGRANPLFGLEQTFESILASTEMALRDAGLSLNDASLLVAGLGLAGVNVPRLLADVQAWQHPFKTMYVTSDLHTACIGAHQGGDGAVIITGTGSCGYVHVGDESLSLGGHGFALGDKGSGAWLGLRAAEHVLLQLDGFAEPTALTERLFANLGVSDALGIVENLAGRSSSCYATLAREVFAAADEGDKVAVGILREGAAYISEMARKLFTLEPARFSMIGGLAEPLQKWLDADVVARLEPSLAAPETGAVLFAIQQHNKQSAA
A1S5F6,2.7.1.2,MYRSGIDLGGTKIELVTLNEKGEEVFRKRVPTPKDYRATLEAVAGLVHDSEKETGQVSSVGIGIPGVVSAVTGRVKNSNAVWLNGQPMDKDLGAMLGREVRIANDANCFAVSESVDGGGAGKTLVFGAILGTGCGAGIAINHKVHGGGNGIGGEWGHNPLPWMTADEFNSTRCFCGNADCIETFVSGTGFVRDFRAHGGEAASGIEIVALMGKGEPLAEAAFGRFIDRLARALAHVINLLDPDVIVLGGGVSNIDEIYEYLPALLPKYVLGGECATKVVKNHHGASSGVRGAAWLWAPGEQAALPGLQEL
A1S7E8,3.1.3.5,MKNIICDIDGVLLHDNKLVPGSDKFIHRVLEQGNPLVILTNYPVQTGKDLQNRLDAAGINVPEECFYTAAMATADFLKHQEGSKAFVIGEGALTHELYKAGFTITDINPDFVIVGETRSYNWDMIHKAARFVADGARFIATNPDTHGPAFSPACGALCAPIERITGRKPFYVGKPSSWIVRSALNHINGHSENTVIIGDNMRTDILAGFQAGLETILVLTGVSRLEDIEKEPFRPNHVFNCAGDIDIF
A1S7T0,2.7.1.2,MMRMGVDLGGTKIELVALGEDGSELFRKRIATPREYQGTLNAVVTLVNEAEATLGTQGSLGIGIPGVISPYTGLVKNANSTWINGHPLDRDLGALLNREVRVANDANCFAVSEAVDGAAAGKRVVFGAILGTGCGAGLAFDGRVHEGGNGIGGEWGHNPLPWMRPDEFNTTECFCGNKDCIETFVSGTGFVRDFRNSGGTAQNGAEIMSLVDAGDELANLVFDRYLDRLARSLAHVINMLDPDAIVLGGGMSNVQAIYARLPAILPKYVVGRECRTPVVQNLYGCSSGVRGAAWLWEKR
A1S8Y9,2.6.1.19,MQQQQQDTISALQAMDAAHHLHPFTDSADLAKRGTRVIERAEGVYIWDAKGNKLLDAMAGLWCVNVGYGRKSIADAAYAQLQTLPFYNNFFQCTHEPAIRLASKIASLAPGHMNRVFFTGSGSEANDTNLRMVRRYWDLKGMPSKKTIISRKNAYHGSTVAGASLGGMGFMHQQGDLPIPGIVHIDQPYWFGEGRDMSPEAFGIKTAQALEAKILELGEDKVAAFIAEPFQGAGGVIIPPDSYWNEIKRILEKYNILFILDEVISGFGRTGNWFAAQTLGLKPDLITIAKGMTSGYIPMGGVIVSDRVADVLISDGGEFAHGFTYSGHPVAAAVALENIRILEEERLVDKVRTDTGPYLQDRLQTLSAHPLVGEVRGMGMVGAIELVADKHSMVRFGSEISAGMLCREACIESGLVMRAVGDTMIISPPLCITRDEIDELIFKASQALSLTLEKIAARGN
A1S8Z1,3.5.1.94,MSDATIPLIGVSACNTPIGLQTFNTVGEKYLLGVINGTGGWPLIIPSIGDGMPTELLLERLDGILFTGSPSNVEPHHYSGPASEPGTHHDPRRDATTLPLIKAAIAAGVPVLGICRGFQEMNVAFGGSLHQKLHETGVFEEHREDRTAPLEVQYGLAHTVTLEPGGVIFEAWGRSSAEVNSVHTQGVERLGNGLRPEAYAPDGLIEAFSVTDAKNFALGVQFHPEWKVADNAFYLSIFNAFGDACRRRAQERAR
Q7ANR8,1.1.99.13,MPQITRRMTLSINAIVWGENIHEQTNAVVREIYPDGMHNTIAAALNSDPGIDATTATLQEPEHGLSETRLAAADVLLWWGHKDHGAVDDAIVERVAKRVWEGMGLIVLHSGHFSKVFKRLMGTPCALKWREAGERERVWVVNPRHPIAEGLGENFVIENEEMYGEQFSVPEPLETVFISWFAGGEVFRSGLTWRRGAGNIFYFRPGHETYPTYHDATVHKVLRNAVKWAYNPQGTYKAIHDAPNVPVEKALEPIVERGPRLHRAGEAGYR
Q7ANR7,1.1.99.13,MKGTPMRLLILGTGGMANSHAKAFAEIEGVEMVGAVDVDPSRAKAFAVTHGIENTFTSLDDAIAWGEFDAATNVTPDKAHHPTTLALIAAGKHVLCEKPLAENYEKAAEMAAAAERAGLVTMVNLTYRNVAPLQKARELVVAGEIGRVRHLEASYLQSWLVSRAWGDWASESKWLWRLSTKHGSNGVLGDVGIHILDFAGYGANSSVERVFARLKAFDKAPDNRIGEYDLDANDSFAMTAEFENGAMAVIHASRWATGHLNELRLRLHGDRGALEVIHTPDGSSLRGCMGPDVEKAVWRTVDAGTVPTNYQRFVEAVKAGRTVEPGFRHAADLQRVLDLAIETERSRRELGVPDIDAVVQERAVG
Q92UE7,4.2.1.25,MKKKAEWPRKLRSQEWFGGTGKNAIMHRSWMKNQGLPADTFDGRPIIGICNTWSELTPCNAHLRDLAERVKRGVYEAGGFPVEFPVFSTGESTLRPTAMMFRNLAAMDVEESIRGNPVDGVVLLGGCDKTTPSLLMGAASVDIPAIVVSGGPMLNGKWRGKDVGSGTAIWQFSEMVKSGEMSLEEFMDAEQGMARSAGSCMTMGTASTMASMAEALGMTLSGNAAIPAVDARRRVISQLTGRRIVEMVKEDLKPSDILTKEAFENAIRVNGAVGGSTNAVLHLLALAGRVGVDLSLDDWDRLGRDVPTIVNLQPSGKYLMEEFYYAGGLPVVIKAVAEMGLLHNDAITVSGDTIWNDVKGVVNYNEDVILPREKALTKSGGIAVLRGNLAPRGAVLKPSAASPHLMQHKGRAVVFESIEDYHARINREDLDIDETCIMVLKYCGPKGYPGMAEVGNMGLPPKVLKKGITDMIRISDARMSGTAYGTVILHTAPEAAEGGPLALVENGDLIEVDIPNRTLHLHVSDEELARRRAAWVSPVKPLTGGYGGLYIKTVMQADAGADLDFLVGARGSVVERDSH
Q92UE6,1.2.1.26,MTLHQNLIAGEWVGGDGVANINPSNTDDVVGEYARASAEDAKAAIAAAKAAFPAWSRSGILERHAILKKTADEILARKDELGRLLSREEGKTLAEGIGETVRAGQIFEFFAGETLRLAGEVVPSVRPGIGVEITREPAGVVGIITPWNFPIAIPAWKLAPALCYGNTIVFKPAELVPGCSWAIVDILHRAGLPKGVLNLVMGKGSVVGQAMLDSPDVQAITFTGSTATGKRVAVASVEHNRKYQLEMGGKNPFVVLDDADLSVAVEAAVNSAFFSTGQRCTASSRIIVTEGIHDRFVAAMGERIKGLVVDDALKPGTHIGPVVDQSQLNQDTDYIAIGKQEGAKLAFGGEVISRDTPGFYLQPALFTEATNEMRISREEIFGPVAAVIRVKDYDEALAVANDTPFGLSSGIATTSLKHATHFKRNAEAGMVMVNLPTAGVDFHVPFGGRKASSYGPREQGKYAAEFYTNVKTAYTLA
Q92UE5,4.2.1.43,MLISQVRKEDGSVIVAVRAPGETARAVRGAESVYALAMEAANSRRSLRDVVDAKGFGETIDLEEAYSQGRLLSPITHPDPAHLHLTGTGLTHLGSAATRDAMHKKATEATEETLTDSMKMFRMGLEGGKPKSGEKGVQPEWFYKGNGTTAVAPGEPLVSPSFAEDGGEEPEMAGIYVISDKGVPFRLGFAVANEFSDHKTERVNYLWLAHSKLRQASFGPEIRIGAAPEDIRGASRILRGGKVLWEKPFLSGEANMSHSFANLEYHHFKYGLFRAPGDIHVHMFGTATLSFGDGIRTEEGDVFEIEAKEFGLPLRNPLAIAAEEEVAVHQL
Q92VL4,5.1.3.29,MQRMGMVIGLEPSKIAEYKRLHAAVWPEILALISECNITNYSIFLKEPENLLFGYWEYVGEDFEADMTKMAAHPKNQEWWSVCMPCQKPLESRRQGEWWAMMEEVFHHD
Q92VL3,1.1.1.122,MTETFDPSSLRQWWPKPVAPRPIVIFGAGSIVGDAHLPAYRNAGFPVAGIFDPDAGKAAALARASDVMAFTSEEEALSAENAIFDLATPPAAHASILSKLPKGSFALIQKPLGSDLAAATGILEICRERNIRAAANFQLRFAPMMLALKDAIATGYLGEVVDFDAWLALATPWGLWPFLKGLPRIEIAMHSIHYLDLVRSLLGDPRGVHAKTIGHPNHDVAQTRTAAILDYGDAVRCVLSVNHDHDFGRRFQACEFRICGTRGAAYVKLGVNLDYPRGEPDELWIRPAGGADWIQVPLEGSWFPDAFANRMANLQRHAGGEDDELIGSVEDAWRTMALVEAAYQSSARPATPIAALPLEN
Q92V79,3.5.1.68,MAVFEVRQGSSPVILGFPHTGTDVPASIRERLNDNGRILADTDWHIHDLYQGLLPDATAVRATFHRYVIDANRDPAGVSLYPGQNTTGLVPETDFDGLPIWKEGEGPTEVDITERLRDFHAPYHAALSAEIARVKAIHGVVVLYDCHSIRSHIPFLFEGRLPDFNIGTDMGKTCATEIERAAAEIAAGAECYSHILNGRFKGGWTTRHYGRPEQGVHAIQMELAQSTHLATEAPPFALDRAKADRLRRPLKAILERIETVAKELKRTGSEA
Q92UY3,2.7.1.144,MQENHLIDIARWSERPGPRGIPSICSAHPLVIEAAMLRAHREKAPVLIEATCNQVNQDGGYTGMTPEDFTRFVGAIADRIEFPREKILLGGDHLGPNPWKHLPADEAMAKAEAMITAYAKAGFTKLHLDTSMGCAGEPTALPDATTAARAARLAAVAEDAVGGRGGVLPVYIIGTEVPIPGGALEELDTLEVTAPEAAIETVRVHRAAFEEAGAAGAFSRVVGAVVQPGVEFGNENVIAYDRARAEKLSATLGQLHGMVFEAHSTDYQTPDALRELVADGFAILKVGPGLTFALREALYGLDQIAAFLFPAARERTLAEVTEAVMREEPANWAKYYHGSAEEQRLQRHFSYSDRIRYYWPHPKAAAAVDELMSLLDGVAIPETLISQFLAGSYARVRNGEVAPQAKPLALAAVDAVLQDYFAACRV
Q92UY2,2.7.1.101,MHKILTIGEILVEIIATEKGDGFRKATPLIGPFPSGAPAIFIDQAGKLGQPCAIISRVGGDDFGTVNLERLKRDGVDISGIEVDPLATTGSAFVRYRPDGSRAFVFNIRDSACGKITLDERMTRLVGECSHVHVMGSSLYAPSVVESILAAIGIVKAGGGTVSFDPNLRPEILKSPGMREALLTVLAETDLFLPSGDELFLFTEAKTESQAVAELLASGIKAVVVKRGAAGASYFDAGAALSLPGFPVEEIDPTGAGDCFGATFVSFWLNGASPREALEFAAASGARAVMHFGPMEGASTRAELERFISEQQA
Q92QY5,"1.1.1.46,1.1.1.48",MSPINIAIVGVGKIVRDQHLPALAKNADYRLIAAASRHGTVDGIDNFKSIEAMIDAVPAVEAVSLCMPPQYRYEAARTALAAGKHVFLEKPPGATLSEVADLEALAEEKGVSLFASWHSRYAPAVEAAKTFLASAAIRNVRIIWKEDVRHWHPNQEWIWAAGGLGVFDPGINALSIMTHILPRPVFITSATLEFPENRDAPIAATIAFSDAEKLDVAAEFDWRQTGKQSWDIVAETDAGGMVLSEGGAKLAIDGKIVHEEPEQEYPMLYRRFAEIIKAGRSDVDLAPLRHVADAFMLGRRKFVEAFHD
Q92RW4,1.2.1.18,MYELGHFIDGKRVAGTSGRVSNIFNPATGEVQGTVALASDADLAAAVESAKAAQPKWAATNPQRRARVFMKFVQLLNDNMNELAEMLSREHGKTIDDAKGDIVRGLEVCEFVIGIPHLQKSEFTEGAGPGIDMYSIRQPVGIGAGITPFNFPGMIPMWMFAPAIACGNAFILKPSERDPSVPIRLAELMIEAGLPAGILNVVNGDKGAVDAILTHPDIAAVSFVGSTPIARYVYGTAAMNGKRAQCFGGAKNHMIIMPDADLDQAANALIGAGYGSAGERCMAISVAVPVGEETANRLIDKLVPMVESLRIGPYTDEKADMGPVVTKEAEQRIRSLIDSGIEQGAKLVVDGRDFKLQGYENGHFIGGCLFDDVTPDMDIYKTEIFGPVLSVVRARNYEEALSLPMKHEYGNGVAIYTRDGDAARDFASRINIGMVGVNVPIPVPLAYHSFGGWKSSSFGDLNQHGTDSIKFWTRTKTITSRWPSGIKDGAEFSIPTMR
Q92RS3,1.1.3.15,MPETIGFLKPRQAVLDRRREIVADLADLLPEGGLISDERGLKPFETDAFIAYRRMPLAVVLPETTEHVAAVLKYCSRYGIPIVPRGAGTSLSGGAIPQEDAIVVGLSKMSRTLDIDLFNRTATVQAGVTNLNISDAVSADGFFYAPDPSSQLACTIGGNIGMNSGGAHCLKYGVTTNNLLGVKMVLFDGTVIELGGKALDAPGYDLLGLVCGSEGQLGIVTEATVRLIAKPEGARPVLFGFASSESAGSCVADIIGSGIIPVAIEFMDRPAIEICEAFAQAGYPLDVEALLIVEVEGSEAEMDATLAGIIEIARRHGVMTIRESQSALEAALIWKGRKSAFGATGRIADYICMDGTVPLSQLSHVLRRTGEIVAGYGLRVANVFHAGDGNMHPLILYNINDPEEAARAEAAGNDILKLCVEAGGCLTGEHGVGIEKRDLMLHQYSRADLGQQMAARAAFDPQWLMNPSKVFPLEGRPAA
Q92RS2,1.1.3.15,MIVHFEPASEEGIASVVRSAAAERVTLAVVGGGTRAGLGNPVRADRTLSTRRLSGIVTYDPAEMTMSALAGTPVAEVEAALHAKGQMLSFEPMDHRPIFATTGEPTIGGVFAANVSGPRRYVAGAARDSLLGVRFVNGRGEPIKAGGRVMKNVTGLDLVKLMAGSYGTLGILTEVTFKVLPLPPAAATVVVSGLNDAEAAAVMAEAMAQPVEVSGASHLPESVRSRFLDGALPDGAATVLRLEGLAASVAIRAEKLGEKLSRFGRISQLDEAQTRTLWAEIRDVKPYADGTRRPLWRISVAPSAGHQLVAALRLQTGVDAFYDWQGGLVWLRMEADPEAELLRRYIGAVGGGHAALLRAGEEARGRIPAFEPQPPAVARLSERIRAQFDPSGIFNPGRAAALVRN
Q92RS1,1.1.3.15,MIQRPQGATWSTRLQTNFSPEQLADPHVAESETILRKCVHCGFCTATCPTYVVLGDELDSPRGRIYLIKDMLENGRAADSETVTHIDRCLSCLSCLTTCPSGVDYMHLVDHARAHIEKTYKRPFKDRLARSVIAATLPYPSRFRLALGAAGLARPLAGLLKRVPFLRTLGVMLDLAPSALPAARGAKPAVYAAKGTPRARVALLTGCAQPVLRPEINDATIRLLTGQGVEVVVSAGEGCCGALVHHMGRDEQALQAGRHNIDVWLKAAEEDGLDAIIITASGCGTTIKDYGHMLRLDPAYAEKAARVSALAKDVTEYLATLDLPEQGARNLTVAYHSACSMQHGQKITSAPKQLLKRAGFSVREPAEGHLCCGSAGTYNILQPEISAKLKARKVRNIEATKPEVIATGNIGCITQIASGTEIPILHTVELLDWAYGGPKPAGL
Q92SI0,3.2.2.3,MSSARKIIIDTDPGQDDAAAIMLALGSPEEIEVLGITAVAGNVPLTLTARNARIVCELCNRTDVKIFAGAERPVARPLVTAEHVHGKTGLDGPALDEPTMPLQEQHAVDFIVETLRAEAPGAVTLCTLGPLTNIALALTKAPEIAPSVRELVMMGGGFFEGGNITPAAEFNIYVDPEAAEIVFRSGIPIVMMPLDVTHRVLTRKTRVEKIRAIGSPAAVALAEMLEFFERFDIEKYGTDGGPLHDPTVIAYILRPELFTGRDCNVEIETASPLTTGMTVVDWWQVTGRAHNAKVMRHIDDEGFFELLAERLARI
Q92S14,5.3.1.14,MTLMISTSVLDAENASRRDALTRDYESLGDRLARRGIDIDAVKAKVAAYGVAVPSWGVGTGGTRFARFPGPGEPRNIFDKLEDCAVIQQLTRATPAVSLHIPWDKVSDLGALKEKGSALGLSFDAMNSNTFSDAPGQAHSYKFGSLSHTDSATRRQAIEHNLECVEIGKALGSKALTVWVGDGSNFPGQSNFTRAFERYLDSMKAVYAALPDDWRIFTEHKMFEPAFYSTVVQDWGTNYLIAQELGPKAFCLVDLGHHAPNVNIEMIVARLIQFKKLGGFHFNDSKYGDDDLDTGSIDPYRLFLVFNELVDAETRAANGFDPAHMLDQSHNVTDPIESLMTSAMEVGRAYAQALIVDRKALAGYQEENDALMASETLKTAFRTDVEPILATARLENDGAIAPVAAYRASGYRARVAAERPAVAGGGGGIV
Q92S13,"4.1.2.19,1.2.1.22",MLDKHQGARLANLWDDGKAAGMTEPEKLLYRSNLLGSDKRITNYGGGNTSAKVMEKDPLTGEIVEVLWVKGSGGDVGTIKMDGFSTLYMDKLRALKGIYRGVEFEDEMVGYLPHCTFNLNPRAASIDTPLHAYVPKPHVDHMHPDAIIAIAASKNSRELTSKIFGDEIGWLPWKRPGYELGLWLEKFCQENPDARGVVLESHGLFTWGDTAKEAYETTIEIINRAIAWFETENTGPAFGGRSKPVLAAADRAAIAKKLMPVIRGLISAGESKVGHFDDSQAVLDFVTSTSLEPLAALGTSCPDHFLRTKIRPLVVDFDPAQPDVGNTLAGLPEAIATYRADYAAYYERCKRADSPAMRDPNAVVYLVPGVGMITFAKDKATARISAEFYVNAINVMRGASGVSTYVGLPEQEAFDIEYWLLEEAKLQRMPKPKSLAGRIALVTGGAGGIGKATANRLMQEGACVVLADIDETALEAAQTELSTRYGKDFVRSVNMNVTSEAAVESGFGDALLAFGGLDILVSNAGLATSAAVEDTTLALWNKNMDILATGYFLVSREAFRIFRNQKAGGNVVFVASKNGLAASPGASAYCTAKAAEIHLARCLALEGASAQIRVNVVNPDAVLRGSKIWTGEWKEQRAAAYKMDVDELEAHYRERSMLKLSVFPEDIAEAIYFLASDMSAKSTGNIVNVDAGNAQSFTR
Q92TD9,4.2.1.5,MPAPSSILLSPDDNVVVATAAIAPGDRLAGGVSAVARIEPGHKAAIRRIDVGEPVVKYGQAIGRATSPIAPGEHVHSHNLAFDQGRLAVGAAVPPEAASEADKARTFLGYRRADGRAATRNYIGIVASVNCSTTVCRAIADEANRRILPKYEGIDGFVPIVHDQGCGMSSTGDGMKNLHRTLAGYARHANFGGVLMVGLGCEVNQLTLYGQSGAGAEKRHFNIQEAGGSRRSVERALGILDEIAKEVAAARRVPIPVSEIIVGLQCGGSDGLSGITANPALGAAVDILAAAGGTAILSETSEIYGAEHLLRSRAVNETVAVKLDGLIAWWEDYVAMHGASLDNNPSPGNKRGGLTTILEKSLGAVAKGGRSPLTAVYNYAERVTEPGLVFMDTPGYDPVSATGQVAGGANVIAFTTGRGSCFGCRPAPSIKLTSNTALYRAMEEDMDIDCGVIASGETTIADLGRGIFELIIETASGRKTKSELFGYGDNEFVPWHLGATL
Q92SZ5,2.7.1.59,MTFYLIGIDGGGTSCRAAVAALDGRILGRGKAGAANILTDPETALQNITDAARDAFGDAGLDPAGIGASRAIVGVAGHNVGDAVHYVKRRLPFAQADIESDGLIALQGALGDGDGAVAILGTGTIYIARRGDEVSYVGGWGFTIGDHGSGARIGHALLQESLLAYDGIHQGSGVTDAVLAEFNDDPRDIVDFARLAKPGEFGRYAPRVFEFAERGDPVAISLLKAAAATVDEALDVVVSRGSEKLCLLGGLAPLYRRWLADRHQPRFVEARADALTGAVALAAARFGSHSGVSA
Q92S06,2.7.1.5,MMMKTVAVIDIGKTNAKVALVDLERFEEIAVRKSGNGVSDDGPYPHFDTERLWRFVLDSLAALHREHPVDAISVTTHGATAVLLDEAGELALPVLDYEFTGPDALAEEYEKARPPFTETGSARLPMGLNVGAQLFWQQRMFPEHFARVATILTYAQYWSYRLTGVRTNELTSLGCHTDLWNPKAATFSSMVDEQGWRHLFAPVRRAGDVLGPLLRQVADETGLPPETPVHCGIHDSNASLLPHLITRQAPFSVASTGTWVVMLAVGAEPVKLDERRDTLINVNALGDPVPSARFMGGRAYSLLIGDDPPTASPEAEASVLEQGHMLLPSLPGGSGPFPAARPHWTADEDKLAPAERLAVVSFHLALMTATCLDLIGARGEILVEGPFALNDAYLRMLAAATGRPVLANRLNSTGTSLGAACLVAGARVRTGAEAIPAAKPDAYAAYAEAWRRRTAAHVRSDP
P58350,2.6.1.39,MTINATVKEAGFQPASRISSIGVSEILKIGARAAAMKREGKPVIILGAGEPDFDTPEHVKQAASDAIHRGETKYTALDGTPELKKAIREKFQRENGLAYELDEITVATGAKQILFNAMMASLDPGDEVIIPTPYWTSYSDIVHICEGKPVLIACDASSGFRLTAEKLEAAITPRTRWVLLNSPSNPSGAAYSAADYRPLLEVLLRHPHVWLLVDDMYEHIVYDGFRFVTPAQLEPGLKNRTLTVNGVSKAYAMTGWRIGYAGGPRELIKAMAVVQSQATSCPSSISQAASVAALNGPQDFLKERTESFQRRRDLVVNGLNAIDGLDCRVPEGAFYTFSGCAGVLGKVTPSGKRIKTDTDFCAYLLEDAHVAVVPGSAFGLSPFFRISYATSEAELKEALERIAAACDRLS
UPI00049A49C0,1.2.1.18,MTTTIEHYINDQRVSRDDRYQDVFNPATGEKTGRVALASRQTVSEAVAAAQAAFAGWADTPPIRRARVLFEYLHLLRERKDDLARIIVAEHGKVFTDAQGEVDRGIDILEFACGIPNLLKGEHSDQVSRGMDNWTMRQPLGVVAGVTPFNFPVMVPMWMYPIAIAAGNTFILKPSPTDPSASLFMAELLREAGLPKGVFNVVQGDKESVDALIEHPDVKAVSFVGSTPIAQYIYETGARNGKRVQGLGGAKNHMVVMPDADIEKTVDALMGAAYGSAGERCMAISVAVLVGDVGDKVIAALTERAKHLRITDGRDLKAEMGPIVSRAALERISGYIEQGVQAGAQLLLDGRDYVPTEPGLENGFWLGATLFDHVTEEMSIYREEIFGPVLACVRVNDFAEAIKLVNAHEFGNGVSCFTRDGNIAREFARRIEVGMVGINVPISVPMAWHGFGGWKKSLFGDMHAYGTEGVRFYTKQKSIMQRWSESIEQGAEFAMPVSK
UPI00029AE918,4.2.1.25,MPDKKPGLRSAQWFGTADKNGFMYRSWMKNQGIADHQFHGKPIIGICNTWSELTPCNAHFRQIAEHVKRGVIEAGGFPVEFPVFSNGESNLRPTAMLTRNLASMDVEEAIRGNPIDGVVLLTGCDKTTPALLMGAASCDVPAIVVTGGPMLNGKHKGQDIGSGTVVWQLSEQVKAGTITLDDFLAAEGGMSRSAGTCNTMGTASTMACMAEALGTSLPHNAAIPAVDARRYVLAHMSGMRAVEMVREDLKLSKILTKEAFENAIRVNAAIGGSTNAVIHLKAIAGRIGVELDLDDWTRIGRGMPTIVDLQPSGRFLMEEFYYAGGLPAVLRRLGEANLIPHPNALTVNGKSLGENTQDSPIYGQDEVIRTLDNPIRADGGICVLRGNLAPLGAVLKPSAASPALMQHRGRAVVFENFDMYKARINDPELDVDANSILVMKNCGPKGYPGMAEVGNMGLPAKLLAQGVTDMVRISDARMSGTAYGTVVLHVAPEAAAGGPLATVKEGDWIELDCANGRLHLDIPDAELAARMADLAPPQKLIVGGYRQLYIDHVLQADQGCDFDFLVGCRGAEVPRHSH
UPI00029B5717,1.2.1.26,MTSFLGHNYIGGQRSANGSVTLQSVDATSGEALPQHFYQATPQEVDAAAKAAAQAYPAYRALSAARRAQFLDAVADELDALGDEFVELVCRETALPAARIKGERGRTSGQMRLFATVLRRGDFYGARIDKALPDRQPMPRPDLRQYRIGLGPVAVFGASNFPLAFSTAGGDTAAALAAGCPVVFKAHSGHMATAERVADAIIRAAEATEMPAGVFNMIFGGGVGEALVKHPAIQAVGFTGSLKGGRALCDMAAARPQPIPVFAEMSSINPVIVLPQALKARAESVARDLTASVVQGCGQFCTNPGLVIGVASPEFTAFTQQVAQLIGDQPAQTMLNAGTLSSYGKGLEKLLAHPGIQHLAGSQQAGNQAQPQLFKADVRLLIDGDEVLQEEVFGPTTVFVEVADQAQLSAALHGLHGQLTATIIGEPADLQQFAELTPLLEQKVGRILLNGYPTGVEVCDSMVHGGPYPATSDARGTSVGTLAIDRFLRPVCFQNYPDSLLPDALKNANPLRIQRLVDGTPSRDPL
UPI00029AF246,3.1.1.15,MSCIAVTPHRAQLGEGPFWDAPTQALYWVNIAGKQALRLMGGQLQVWQLPEHVSAFIPCESGDALVTLSSGVYRLDLATEALTLLCVADPQPGNRGNEARCDASGRLWLGTMQNNIGEQGEDLPITRRSGGLFRIDADAQVTPLLSGLGIPNTLLWSDDGRHVHFGDSLDGTLYRHAIQPDGQLDPAQTWFGPHERGGPDGSAMDVDGYIWNARWDGSCLLRLTPDGEVDRIVELPVSRPTSCVLGGPNLTTLYITSAASPLDHPLDGAVLAMEVDVPGKPCHRFAG
UPI000299D29F,1.1.1.14,MKRLEGKSALITGSARGIGRAFAQAYIAEGATVAIADIDLQRAQATAAELGPQAYAVAMDVTDQASIDGAITAVVAQAGKLDILINNAALFDLAPIVDITRDSYDRLFSINVAGTLFTLQAAARQMIRQGHGGKIINMASQAGRRGEPLVAIYCATKAAVISLTQSAGLNLIKQGINVNAIAPGVVDGEHWDGVDALFAKHEGLAPGEKKQRVGAEVPFGRMGTAEDLTGMAIFLASKEADYVVAQTYNVDGGNWMN
UPI00029B06D9,4.3.1.9,MSAINAVEKGAAAVGAHLVRDVSLPALVLHRDALEHNIRWMQDFVSNSGAELAPHGKTSMMPALFQRQIEAGAWGITLANAVQTRAAYAGGVRRVLMANQLVGAPNMALIADLLADKDFDFHCMVDHPDNVADLGLFFAARGLRLNVMIEYGVVGGRCGCRTEQEVRDLARAIKAQPALALTGIEGYEGVIHGEHAISGIRDFAASLVRLAVDLQNNGSFDLPKPIVTASGSAWYDLIAESFEQQNAAGRFLSVLRPGSYVAHDHGIYKEAQCCVLDRRSDLNEGLRPALEVWAHVQSLPEPGFAVIALGKRDVAYDAGLPVPLKRYKAGILPAEGDDVTACKVTAVMDQHAFMTVAPGVELRIGDIISFGTSHPCLTFDKWQVGCLVDEQLQVIESLETRF
UPI00029AC8B2,3.1.2.4,MTAQVSSEASHAETLQDEVLAEVRNHIGHLTLNRPAGLNAITLNMVRRLASQLKAWADDPQVYAVVLRGAGEKAFCAGGDIRSLYDSFKNGDTLHQDFFVEEYALDLAIHHYRKPVLALMDGFVLGGGMGLVQGADLRVVTERSRLAMPEVAIGYFPDVGGSYFLPRIPGELGIYLGVTGVQIRAADALYCGLADWYLESSKLADLDNKLDRLQWHDSPLKDLQGVLAKLAVQQLPDAPLAVLRPAIDHFFALPDVPSIVEQLQQVTVADSHEWALTTAHLMQTRSPLAMAVTLEMLRRGRRLPLEQCFALELHLDRQWFERGDLIEGVRALIIDKDKAPRWNPPTLHGLALSHVESFFHNFKKVAN
UPI00029B4FAD,1.3.8.1,MQDIEYTEEQVMIRDMARDFARGEIAPYAQAWEKAGWIDDALVAKMGELGLLGMVVPEEWGGTYVDYVAYALAVEEISAGDGATGALMSIHNSVGCGPILNYGTESQKQTWLADLASGQAIGCFCLTEPQAGSEAHNLRTRAELRDGHWVITGAKQFVSNGKRAKLAIVFAITDPELGKKGISAFLVPTATPGFVVDRTEHKMGIRASDTCAVTLNQCTVPEANLLGERGKGLAIALSNLEGGRIGIAAQALGIARAAFEAALAYARDRVQFDKAIIEHQSVANLLADMQTQLNAARLLILHAARLRSAGKPCLSEASQAKLFASEMAEKVCSSAMQIHGGYGYLEDYPVERYYRDARITQIYEGTSEIQRMVIARELKHYQL
UPI00029AB5F1,1.3.8.1,MLPNEEQLQISDAARQFAQERLKPFAAEWDREHRFPKEAIGEMAELGFFGMLVPEQWGGCDTGYLAYAMALEEIAAGDGACSTIMSVHNSVGCVPVLKFGNDQQKEQFLKPLASGAMLGAFALTEPQAGSDASSLKTRARLEGDHYVLNGCKQFITSGQNAGVVIVFAVTDPAAGKRGISAFIVPTDSPGYSVARVEDKLGQHASDTCQILFEDVKVPVANRLGEEGEGYKIALANLEGGRVGIASQAVGMARAAFEAARDYARERESFGKPIIEHQAVAFRLADMATQIAVARQMVHYAAALRDSGKPALVEASMAKLFASEMAEKVCSAALQTLGGYGYLSDFPLERIYRDVRVCQIYEGTSDIQRMVISRNL
UPI000299FAF3,1.1.1.203,MTTTPTTPVPFNRLLLTGAAGGLGKVLRERLRPYAQVLRLSDIANMAPAADASEEVQPCDLADKQAVHHLVEGVDAILHFGGVSVERSFEEVLGANISGIFHIYEAARRHGVKRVIFASSNHVIGFYKQGEKLDAHSPRRPDSYYGLSKSYGEDMASFYFDRYGIETVSIRIGSSFPEPQNRRMMHTWLSFDDLTQLLERALYTPNVGHTVVYGMSDNLDTWWDNRYAAHLGFAPKDSSEVFRAQVETQPPVSDNDPAKVYQGGAFCAAGPFGD
UPI00029A57C7,3.5.3.6,MQTTNTVLMIRPARFAFNPDTAINNRFQRQPLDPLGAQQKALEEFDGYVDTLRRHGVEVLVVQDTPAPHTPDSIFPNNWWSSHADGSLVLYPMEGQNRRLERNKGVLQVLEQRFAINSTIDLSHLEQQNIFLEGTGSMVLDRQHRISYACHSGRTHQDALRQFAERLDYQLCVFHAVDRHHAPIYHSNVMMSVGRDLSVVCLQALPDASERQGLERSLRDTGKDILALDFDQLEGFAGNMLEIHDRDGQPLLVMSASAWGALQPAQRQHVERHTRPVVVNIDNIERIGGGSARCMLAEVHLPARATVQ
UPI00029A5520,1.1.1.9,MDKHTEMQAVVCHGPKDYRLERIGKPQARANELVIRIAACGICASDCKCHSGAAMFWGGDNPWVKAPVVPGHEFFGYVVEAGEGAEEHFEVAVGDKVIAEQIVPCGKCRFCKSGKYWMCEVHNIFGFQREVAEGGMAQYMRIPKTAIVHKIPESVSLEDSALVEPMACSIHTVNRGDIQLDDVVVIAGAGTLGLCMVQVAALKTPKKLVVIDMVDERLELAKKFGADVVINPSRDNAREIINGLTDNYGCDVYIETTGVPAGVTQGLDLIRKLGRFVEFSVFGAETSVDWSIIGDRKELDVRGAHLGPYCYPIAIDLFERGLVTSKGIVTHDFPLDDWAEAFELANSTKSIKVLLKPVV
UPI00029ACDDF,2.6.1.81,MSVEQAPVQRADFDQVMVPNYAPAAFIPVRGEGSRVWDQAGRELIDFAGGIAVNVLGHAHPALVGALTEQAHKLWHVSNVFTNEPALRLAHKLIDATFAERVFFCNSGAEANEAAFKLARRVAFDRFGSEKYEIIAALNSFHGRTLFTVNVGGQSKYSDGFGPKITGITHVPYNDLDALKAAVSDKTCAVVLEPIQGEGGVLPAELAYLQGARDLCDANNALLVFDEVQTGMGRSGHLFAYQHYGVTPDILTSAKSLGGGFPIAAMLTTEALAKHLVVGTHGTTYGGNPLACAVAEAVIDVINTPEVLAGVNAKHDLFKARLEQIGKQYGIFTEVRGMGLLLGCVLSDAFKGKAKDVFNAAEKENLMILQAGPDVVRFAPSLVVEDADIKEGLDRFERAVKALTQA
UPI00049AFFAB,5.3.1.7,MITQPLPASSWLNAPAHYVWLAAEGQRLLAFAKASRLPDGFGNLDDKGQLPADAHAETMNTARMTHSFAMAHALGLPGYAELVAHGVAALSGALRDSEHGGWFAAPHALDGNRGKAAYLHAFVALAASSAVVAGAPGASTLLNDAIHIIDHFFWSEEEGVMLESFAQDWSGVEAYRGANSNMHATEAFLALADVTGDTRWLDRALRIVERVIHTHAAGNQFMVIEHFDTHWHPLLGYNEDNPADGFRPYGITPGHGFEWARLVLHLEAARLQAGLVTPEWLVADAKRLFASACEYAWSVDGAPGIVYTLDWNHRPVVRERLHWTHAEASAAAQALLKRTGELHYETWYRRFWEFCETHFIDRLHGSWHHELSPHNQPSSNIWGGKPDLYHAWQAVLLPALPLAPSMASAIGTGRYVTNW
UPI00029B3552,1.14.12.1,MSGARSVEQWKTFIEGCLDFRPADEVFRIARDMFTEPQLFDLEMELIFEKNWIYACHESELANNHDFVTMRAGRQPMIITRDGEGQLNALINACQHRGTTLTRVGKGNQSTFTCPFHAWCYKSDGRLVKVKAPGEYPDGFDKATRGLKKARIESYKGFVFISLDVAGTDSLEDFLGDAKVFFDMMVAQSATGELEVLPGKSAYTYDGNWKLQNENGLDGYHVSTVHYNYVATVQHRQQVNTENGAGAGSTLDYSKLGAGDANTDDGWFAFNNGHSVLFSDMPNPSVRSGYATIMPRLVEEHGQQKAEWMMHRLRNLNIYPSLFFLDQISSQLRIIRPVAWNKTEIISQCLGVKGESDADRENRIRQFEDFFNVSGMGTPDDLVEFREAQRGFQGRLERWSDISRGSHRWETGPTPNSEAIGIQPAMTGTEFTHEGLYVNQHRNWQQFLLNGLDRQALTLREVK
UPI00029A3054,1.3.8.7,MADYKAPLRDMRFVLNEVFEVATTWAQLPALADTVDAETVEAILEEAGKVTAKSIAPLSRGGDEQGCRWDNTAVFTPDGFPQAYATYAQGGWVGVGGDPIFGGMGMPKAVSAQVEEMINSSSLAFGLYPMLTSGACVSINTHASEALKATYLPKMYSGEWSGSMCLTEAHAGTDLGIIRTKAEPQADGSYKVSGTKIFITGGEHDLTDNIIHLVLAKLPDAPAGPKGISLFLVPKFMVNADGSLGARNTVSCGSIEHKMGIQASATCVMNFDEAVGYLVGEPNRGLAAMFTMMNYERLGVGIQGLASGERSYQNAIEYARDRLQSRAPTGAQAQDKMADPIIVHPDVRRMLLTMKAANEGGRAFSTYVATQLDIAKFSDDAAARERADNLVALLTPVAKAFLSDLGLETTVLGQQVFGGHGYIREWGQEQLVRDVRITQIYEGTNGIQALDLMGRKIVGSGGAFYTLFADEIRGFIASSGTELAEFTKPLSAAVDNLDELTAWVLDRAKTNPNEIGAASVEYLHAFGYMAYAYMWARMAKAALGKESEEDFYASKLGTARFYFARLLPRIHSLSASVKAGSESLFLLDEALF
UPI00029AE91F,1.3.8.7,MPDYKAPLRDIRFVRDELLGYEAHYQSLPACQDATPDMVDAILEEGAKFCEQVLAPLNRVGDIEGCTWSESGVKTPTGFKEAYKQFVEGGWPSLAHDVEHGGQGLPESLGLAVSEMVGEANWSWGMYPGLSHGAMNTISEHGTPEQQEAYLTKLVSGEWTGTMCLTEPHCGTDLGMLRTKAEPQADGTYKVSGTKIFISAGEHDMADNIVHIVLARLPDAPAGTKGISLFIVPKFLPNADGSIGARNAVTCGSLEHKMGIHGNATCVMNFDAATGFLIGPANKGLNCMFTFMNTARLGTALQGLAHAEIGFQGGLKYARDRLQMRSLTGPKAPDKAADPIIVHPDVRRMLLTMKAFAEGNRAMVYFTAKQVDIVKYGTDDEAKKQADGLLAFMTPIAKAFMTEVGFESANHGVQIYGGHGFIAEWGMEQNVRDSRISMLYEGTTGIQALDLLGRKVLMTQGEALKGFTKIVHKFCQANEGNEAVKEFVAPLAALNKEWGELTMKVGMAAMKDREEVGAASVDYLMYSGYACLAYFWADMARLAAEKLAAGTTEEAFYTAKLQTARFYFQRILPRTRTHVATMLSGANNLMDMKEEDFGLAY
UPI000299D157,2.6.1.19,MSSNNPQTREWQALSSDHHLAPFSDFKQLKEKGPRIITKAHGVYLWDSEGNKILDGMAGLWCVAIGYGRDELADAAAKQMKELPYYNLFFQTAHPPVLELAKAISDIAPAGMNHVFFTGSGSEGNDTMLRMVRHYWAIKGQPNKKTIISRKNGYHGSTVAGASLGGMTYMHEQGDLPIPGITHIAQPYWFGEGGDMSPEEFGVWAANQLEEKILELGVDNVGAFIAEPIQGAGGVIVPPATYWPRIKEILAKYDILFIADEVICGFGRTGEWFGSDFYDLKPHMMTIAKGLTSGYIPMGGLIVRDEVVEVLNEGGDFNHGFTYSGHPVAAAVALENIRIMRDEKIVNRVHDETAPYLQKRLRELADHPLVGEVRGVGMLGAIELVQDKATRKRYEGKGVGMICRTFCFENGLIMRAVGDTMIISPPLVISKAEIDELVTKARQCLDLTLAALQG
UPI00029A5BC8,6.3.1.11,MSVPPRAVQLNEANAFLKDHPEVLYVDLLIADMNGVVRGKRIERTSLHKVYEKGINLPASLFALDINGSTVESTGLGLDIGDADRICYPIPDTLCNEPWQKRPTAQLLMTMHELEGEPFFADPREVLRQVVSKFDDLGLTICAAFELEFYLIDQENVNGRPQPPRSPISGKRPHSTQVYLIDDLDEYVDCLQDILEGAKEQGIPADAIVKESAPAQFEVNLHHVADPIKACDYAVLLKRLIKNIAYDHEMDTTFMAKPYPGQAGNGLHVHISILDKDGKNIFASEDPEQNAALRHAIGGVLETLPAQMAFLCPNVNSYRRFGAQFYVPNSPCWGLDNRTVAIRVPTGSSDAVRIEHRVAGADANPYLLMASVLAGVHHGLTNKIEPNAPVEGNSYEQNEQSLPNNLRDALRELDDSEVMAKYIDPKYIDIFVACKESELEEFEHSISDLEYNWYLHTV
UPI00029B3B75,1.2.1.54,MTTLTRADWEQRAKDLKIEGRAYINGEYTAAVSGDTFECISPVDGRLLATVASCDAADAQRAVENARATFNSGVWSRLAPAKRKSAMLRFAALLKANAEELALLETLDMGKPISDSLNIDVPGAANALSWSGEAIDKIYDEVAATPHDQLGLVTREPVGVVGAIVPWNFPLMMACWKLGPALSTGNSVILKPSEKSPLTAIRIAALAVEAGIPKGVFNVLPGYGHTVGNALALHMDVDTLVFTGSTKIAKQLLIRSGESNMKRVWLEAGGKSPNIVFADAPDLQAAAESAAGAIAFNQGEVCTAGSRLLVERSIKDKFLPLVIEALKGWKPGNPLDPATNVGALVDTQQMNTVLSYIEAGHADGAKLVAGGKRTLEETGGTYVEPTIFDGVTNAMKIAKEEIFGPVLSVITFDSAEEAVAIANDTIYGLAAAVWTADISKAHLTAKALRAGSVWVNQYDGGDMTAPFGGFKQSGNGRDKSLHAFDKYTELKATWIKL
UPI000299DEB1,5.1.3.15,MPTPHVETVKIDELDCWRIRHNGAELIVAQQGAHLFSYGRDGEQPLIWPNPEAVFKKGKGIRTGVPVCWPWFGVFDRNPQSVKAMRQSEQPAGAHGFVRTALWELAATELEGEALRVDLVLPVPAGGFPGWPHQVDLTLSLLLDEQLHIRLTSHNRGTDTVTLSQALHTYFAVSDVRNAQVEGLDGRAYIDTADGWTEKTQSGLLHFTAETDRIYLDTPSQLTIVDKDWQRRIQLTSEGSKSTVIWNPWTERAKAFDDMADDGWTGMLCIETANVLDDVVSLAPGESHTLGVSIAAIAL
UPI00029AA936,1.2.1.26,MSQAQRFDNYINGQWVAGADYCVNLNPSELSDVIGEYAKADVTQVNAAIDAARAAFPAWSTSGIQARHDALDKVGSEILARREELGTLLAREEGKTLPEAIGEVTRAGNIFKFFAGECLRLSGDYVPSVRPGVNVEVTREALGVVGLITPWNFPIAIPAWKIAPALAYGNCVVIKPAELVPGCAWALAEIISRAGFPAGVFNLVMGSGRVVGDVLVNSPKVDGISFTGSVGVGRQIAVSCVSRQAKVQLEMGGKNPQIILDDADLKQAVELSVQSAFYSTGQRCTASSRLIVTAGIHDQFVAAMAERMKSIKVGHALKSGTDIGPVVSQAQLDQDLKYIDIGQSEGARLVSGGGLVTCDTEGYYLAPTLFADSEAAMRISREEIFGPVANVVRVADYEAALAMANDTEFGLSAGIATTSLKYANHFKRHSQAGMVMVNLPTAGVDYHVPFGGRKGSSYGSREQGRYAQEFYTVVKTSYIGS